invoice_id,flagged,error_category,expected_total_cents,billed_total_cents,confidence
INV-H2-000001,0,,1562227,1562227,0.95
INV-H2-000002,0,,3209350,3209350,0.95
INV-H2-000003,0,,2215650,2215650,0.95
INV-H2-000004,0,,3434580,3434580,0.95
INV-H2-000005,0,,1887000,1887000,0.9
INV-H2-000006,0,,2905616,2905616,0.9
INV-H2-000007,1,malformed_service_date|wrong_unit_basis,2120830,2120830,0.97
INV-H2-000008,0,,1117300,1117300,0.95
INV-H2-000009,0,,2109715,2109715,0.95
INV-H2-000010,0,,5027175,5027175,0.95
INV-H2-000011,0,,2230050,2230050,0.95
INV-H2-000012,0,,1365950,1365950,0.95
INV-H2-000013,1,service_date_after_invoice_date|pricing_mismatch,2810485,2748025,0.95
INV-H2-000014,0,,2026480,2026480,0.95
INV-H2-000015,0,,3265271,3265271,0.95
INV-H2-000016,1,invoice_total_mismatch|pricing_mismatch,3197650,3222650,0.97
INV-H2-000017,0,,3403600,3403600,0.95
INV-H2-000018,0,,3343125,3343125,0.9
INV-H2-000019,0,,2170800,2170800,0.95
INV-H2-000020,0,,3676525,3676525,0.95
INV-H2-000021,0,,3182650,3182650,0.9
INV-H2-000022,0,,4508450,4508450,0.9
INV-H2-000023,0,,2161250,2161250,0.95
INV-H2-000024,0,,4052564,4052564,0.95
INV-H2-000025,0,,2670700,2670700,0.9
INV-H2-000026,0,,2129225,2129225,0.95
INV-H2-000027,0,,4051625,4051625,0.95
INV-H2-000028,0,,3711681,3711681,0.9
INV-H2-000029,0,,2935775,2935775,0.95
INV-H2-000030,0,,1661900,1661900,0.95
INV-H2-000031,1,unknown_service,1033775,1033775,0.92
INV-H2-000032,0,,3807325,3807325,0.9
INV-H2-000033,0,,2413432,2413432,0.95
INV-H2-000034,0,,3110520,3110520,0.95
INV-H2-000035,0,,1918666,1918666,0.95
INV-H2-000036,0,,1734643,1734643,0.95
INV-H2-000037,0,,851304,851304,0.95
INV-H2-000038,0,,2530615,2530615,0.95
INV-H2-000039,0,,2742525,2742525,0.95
INV-H2-000040,0,,3317176,3317176,0.95
INV-H2-000041,0,,1416025,1416025,0.9
INV-H2-000042,0,,2648275,2648275,0.9
INV-H2-000043,0,,2887910,2887910,0.95
INV-H2-000044,0,,2090343,2090343,0.95
INV-H2-000045,0,,3341612,3341612,0.9
INV-H2-000046,0,,3695616,3695616,0.9
INV-H2-000047,0,,2089808,2089808,0.9
INV-H2-000048,0,,1148850,1148850,0.95
INV-H2-000049,0,,1738588,1738588,0.95
INV-H2-000050,0,,1662879,1662879,0.95
INV-H2-000051,0,,2608625,2608625,0.9
INV-H2-000052,0,,2851444,2851444,0.95
INV-H2-000053,0,,2370600,2370600,0.95
INV-H2-000054,1,duplicate_invoice_id|pricing_mismatch,2053724,2044169,0.97
INV-H2-000055,1,pricing_mismatch,2930672,2926577,0.87
INV-H2-000056,0,,1625475,1625475,0.95
INV-H2-000057,0,,3320487,3320487,0.95
INV-H2-000058,0,,3263975,3263975,0.9
INV-H2-000059,0,,1840438,1840438,0.95
INV-H2-000060,0,,4650162,4650162,0.95
INV-H2-000061,1,pricing_mismatch,4645061,4636871,0.8
INV-H2-000062,0,,2715547,2715547,0.9
INV-H2-000063,0,,1962163,1962163,0.9
INV-H2-000064,0,,4804408,4804408,0.95
INV-H2-000065,0,,4090090,4090090,0.95
INV-H2-000066,0,,4551702,4551702,0.95
INV-H2-000067,0,,3986872,3986872,0.9
INV-H2-000068,0,,2625251,2625251,0.95
INV-H2-000069,0,,2863675,2863675,0.95
INV-H2-000070,1,pricing_mismatch,2369638,2364178,0.8
INV-H2-000071,0,,1194005,1194005,0.95
INV-H2-000072,0,,1542567,1542567,0.9
INV-H2-000073,0,,4659849,4659849,0.95
INV-H2-000074,1,pricing_mismatch,4993415,4990685,0.93
INV-H2-000075,0,,2409213,2409213,0.95
INV-H2-000076,0,,2055003,2055003,0.9
INV-H2-000077,0,,965993,965993,0.95
INV-H2-000078,1,duplicate_invoice_id,2181731,2181731,0.97
INV-H2-000079,0,,858946,858946,0.95
INV-H2-000080,0,,884256,884256,0.95
INV-H2-000081,0,,2653560,2653560,0.95
INV-H2-000082,0,,3097359,3097359,0.95
INV-H2-000083,0,,4755725,4755725,0.9
INV-H2-000084,0,,2242000,2242000,0.95
INV-H2-000085,0,,5872703,5872703,0.95
INV-H2-000086,0,,1449553,1449553,0.95
INV-H2-000087,0,,3307731,3307731,0.95
INV-H2-000088,1,pricing_mismatch,3587417,3588422,0.95
INV-H2-000089,0,,3697715,3697715,0.95
INV-H2-000090,0,,3858478,3858478,0.9
INV-H2-000091,0,,848706,848706,0.95
INV-H2-000092,1,pricing_mismatch,1580459,1588499,0.95
INV-H2-000093,1,pricing_mismatch,2319244,2321254,0.82
INV-H2-000094,0,,3478889,3478889,0.9
INV-H2-000095,1,pricing_mismatch,1563031,1567051,0.82
INV-H2-000096,0,,3582167,3582167,0.95
INV-H2-000097,0,,1918135,1918135,0.95
INV-H2-000099,0,,3671140,3671140,0.95
INV-H2-000100,0,,1012872,1012872,0.95
INV-H2-000101,1,pricing_mismatch,1443530,1444535,0.95
INV-H2-000102,0,,2698803,2698803,0.95
INV-H2-000103,0,,1800098,1800098,0.9
INV-H2-000104,1,duplicate_invoice_id|service_date_out_of_window,2338025,2338025,0.95
INV-H2-000105,0,,3415883,3415883,0.95
INV-H2-000106,0,,1684549,1684549,0.9
INV-H2-000107,0,,1770255,1770255,0.9
INV-H2-000108,0,,939000,939000,0.95
INV-H2-000109,1,pricing_mismatch,3565234,3566239,0.95
INV-H2-000110,1,pricing_mismatch,2806129,2818189,0.95
INV-H2-000111,1,unknown_service,3132384,3132384,0.94
INV-H2-000112,0,,1682241,1682241,0.95
INV-H2-000113,1,pricing_mismatch,2113705,2118730,0.95
INV-H2-000114,0,,2359940,2359940,0.95
INV-H2-000115,1,pricing_mismatch,447142,456187,0.95
INV-H2-000116,0,,4099404,4099404,0.95
INV-H2-000117,0,,3016765,3016765,0.9
INV-H2-000118,0,,2780153,2780153,0.95
INV-H2-000119,0,,1653293,1653293,0.95
INV-H2-000120,0,,2187675,2187675,0.95
INV-H2-000121,0,,3457550,3457550,0.9
INV-H2-000122,0,,1592510,1592510,0.95
INV-H2-000123,0,,3067605,3067605,0.9
INV-H2-000124,0,,856654,856654,0.95
INV-H2-000125,0,,3396593,3396593,0.9
INV-H2-000126,0,,2878543,2878543,0.95
INV-H2-000127,0,,1721114,1721114,0.95
INV-H2-000128,0,,3137006,3137006,0.95
INV-H2-000129,0,,1656345,1656345,0.95
INV-H2-000130,0,,3005248,3005248,0.9
INV-H2-000131,0,,1951976,1951976,0.9
INV-H2-000132,0,,413865,413865,0.95
INV-H2-000133,0,,830125,830125,0.95
INV-H2-000134,0,,3628983,3628983,0.95
INV-H2-000135,0,,1727577,1727577,0.95
INV-H2-000136,0,,1844743,1844743,0.95
INV-H2-000137,0,,584584,584584,0.95
INV-H2-000138,0,,2748673,2748673,0.9
INV-H2-000139,0,,498875,498875,0.95
INV-H2-000140,0,,2595642,2595642,0.95
INV-H2-000141,0,,3511113,3511113,0.95
INV-H2-000142,0,,4792284,4792284,0.9
INV-H2-000143,0,,3650784,3650784,0.95
INV-H2-000144,1,pricing_mismatch,631850,767964,0.87
INV-H2-000145,0,,2771471,2771471,0.95
INV-H2-000146,0,,1528394,1528394,0.95
INV-H2-000147,1,duplicate_invoice_id|pricing_mismatch,1351513,1388770,0.95
INV-H2-000148,0,,607093,607093,0.95
INV-H2-000149,0,,2852913,2852913,0.95
INV-H2-000150,1,malformed_service_date|wrong_unit_basis,953604,953604,0.97
INV-H2-000151,0,,3698278,3698278,0.9
INV-H2-000152,0,,2943880,2943880,0.9
INV-H2-000153,0,,1484485,1484485,0.95
INV-H2-000154,0,,3612189,3612189,0.95
INV-H2-000155,0,,2297545,2297545,0.95
INV-H2-000156,0,,3133358,3133358,0.95
INV-H2-000157,0,,849911,849911,0.95
INV-H2-000158,0,,2430168,2430168,0.95
INV-H2-000159,0,,1139386,1139386,0.9
INV-H2-000160,0,,2010188,2010188,0.95
INV-H2-000161,0,,2566739,2566739,0.9
INV-H2-000162,0,,1152086,1152086,0.95
INV-H2-000163,0,,3654320,3654320,0.95
INV-H2-000164,0,,4160466,4160466,0.9
INV-H2-000165,0,,1853491,1853491,0.95
INV-H2-000166,0,,2087494,2087494,0.95
INV-H2-000167,0,,2496350,2496350,0.95
INV-H2-000168,0,,3421831,3421831,0.9
INV-H2-000169,0,,2073831,2073831,0.95
INV-H2-000170,0,,1978684,1978684,0.9
INV-H2-000171,1,line_total_arithmetic|invoice_total_mismatch|pricing_mismatch,2899762,2999762,0.97
INV-H2-000172,0,,5047206,5047206,0.9
INV-H2-000173,0,,2477099,2477099,0.95
INV-H2-000174,0,,2007600,2007600,0.95
INV-H2-000175,0,,2721039,2721039,0.95
INV-H2-000176,1,line_total_arithmetic|unknown_service,791325,791325,0.95
INV-H2-000177,0,,2888495,2888495,0.9
INV-H2-000178,0,,1810565,1810565,0.95
INV-H2-000179,0,,2861237,2861237,0.9
INV-H2-000180,0,,3160638,3160638,0.95
INV-H2-000181,0,,2280275,2280275,0.9
INV-H2-000182,0,,3424525,3424525,0.95
INV-H2-000183,1,contract_number_mismatch|pricing_mismatch,977993,1041743,0.97
INV-H2-000184,0,,2567831,2567831,0.9
INV-H2-000185,0,,1077654,1077654,0.95
INV-H2-000186,0,,2261042,2261042,0.95
INV-H2-000187,0,,2911019,2911019,0.95
INV-H2-000188,0,,1848168,1848168,0.95
INV-H2-000189,0,,1322741,1322741,0.95
INV-H2-000190,0,,3942015,3942015,0.9
INV-H2-000191,0,,3121011,3121011,0.95
INV-H2-000192,0,,3569501,3569501,0.9
INV-H2-000193,0,,1426275,1426275,0.95
INV-H2-000194,0,,2190295,2190295,0.9
INV-H2-000195,0,,2195990,2195990,0.95
INV-H2-000196,0,,2338637,2338637,0.9
INV-H2-000197,1,duplicate_invoice_id,1835952,1835952,0.95
INV-H2-000198,0,,2726444,2726444,0.95
INV-H2-000199,0,,3747628,3747628,0.95
INV-H2-000200,0,,3195170,3195170,0.95
INV-H2-000201,0,,1373725,1373725,0.9
INV-H2-000202,0,,1575784,1575784,0.95
INV-H2-000203,0,,2193175,2193175,0.9
INV-H2-000204,0,,2552210,2552210,0.9
INV-H2-000205,0,,1747464,1747464,0.9
INV-H2-000206,0,,1642121,1642121,0.95
INV-H2-000207,0,,5339128,5339128,0.95
INV-H2-000208,0,,894341,894341,0.9
INV-H2-000209,1,service_date_after_invoice_date,2987990,2987990,0.95
INV-H2-000210,0,,2021915,2021915,0.9
INV-H2-000211,0,,3224183,3224183,0.95
INV-H2-000212,0,,2399862,2399862,0.95
INV-H2-000213,0,,2036345,2036345,0.9
INV-H2-000214,0,,1874579,1874579,0.95
INV-H2-000215,0,,2866903,2866903,0.9
INV-H2-000216,0,,2947675,2947675,0.9
INV-H2-000217,0,,812063,812063,0.9
INV-H2-000218,0,,2870834,2870834,0.9
INV-H2-000219,0,,5249200,5249200,0.95
INV-H2-000220,0,,5611650,5611650,0.95
INV-H2-000221,0,,2093653,2093653,0.95
INV-H2-000222,0,,1692095,1692095,0.95
INV-H2-000223,0,,1363298,1363298,0.95
INV-H2-000224,0,,819455,819455,0.95
INV-H2-000225,0,,3822242,3822242,0.9
INV-H2-000226,0,,2365736,2365736,0.95
INV-H2-000227,0,,2047798,2047798,0.9
INV-H2-000228,0,,1700169,1700169,0.9
INV-H2-000229,0,,2115083,2115083,0.95
INV-H2-000230,0,,1871100,1871100,0.9
INV-H2-000231,0,,2671449,2671449,0.95
INV-H2-000232,0,,554808,554808,0.95
INV-H2-000233,0,,2080723,2080723,0.95
INV-H2-000234,0,,2980929,2980929,0.9
INV-H2-000235,0,,1316842,1316842,0.95
INV-H2-000236,0,,3576685,3576685,0.95
INV-H2-000237,0,,2847629,2847629,0.9
INV-H2-000238,1,pricing_mismatch,4101802,4112722,0.87
INV-H2-000239,1,contract_number_mismatch|line_total_arithmetic|pricing_mismatch,1141915,1140915,0.95
INV-H2-000240,0,,2425661,2425661,0.9
INV-H2-000241,0,,1809995,1809995,0.95
INV-H2-000242,0,,1754517,1754517,0.95
INV-H2-000243,0,,1572770,1572770,0.95
INV-H2-000244,0,,2875784,2875784,0.95
INV-H2-000245,0,,3639816,3639816,0.95
INV-H2-000246,0,,3928710,3928710,0.9
INV-H2-000247,0,,2158429,2158429,0.9
INV-H2-000248,1,service_date_out_of_window,2944030,2944030,0.97
INV-H2-000249,1,contract_number_mismatch|cross_invoice_duplicate,622800,622800,0.95
INV-H2-000250,0,,3640555,3640555,0.9
INV-H2-000251,0,,3991755,3991755,0.95
INV-H2-000252,0,,2386515,2386515,0.9
INV-H2-000253,0,,2100395,2100395,0.95
INV-H2-000254,0,,3152453,3152453,0.95
INV-H2-000255,0,,1298069,1298069,0.9
INV-H2-000256,0,,1269959,1269959,0.95
INV-H2-000257,0,,1700570,1700570,0.9
INV-H2-000258,0,,4756505,4756505,0.95
INV-H2-000259,0,,2120226,2120226,0.9
INV-H2-000260,0,,3875219,3875219,0.95
INV-H2-000261,0,,1770116,1770116,0.9
INV-H2-000262,0,,1413500,1413500,0.95
INV-H2-000263,0,,1002747,1002747,0.9
INV-H2-000264,0,,1903274,1903274,0.95
INV-H2-000265,0,,676285,676285,0.9
INV-H2-000266,0,,4335855,4335855,0.9
INV-H2-000267,0,,1646604,1646604,0.95
INV-H2-000268,0,,1812741,1812741,0.95
INV-H2-000269,0,,3633017,3633017,0.95
INV-H2-000270,0,,1930440,1930440,0.95
INV-H2-000271,0,,2348347,2348347,0.95
INV-H2-000272,0,,1775741,1775741,0.9
INV-H2-000273,0,,3626296,3626296,0.95
INV-H2-000274,0,,2988227,2988227,0.95
INV-H2-000275,0,,2399610,2399610,0.95
INV-H2-000276,0,,2928873,2928873,0.95
INV-H2-000277,0,,1961152,1961152,0.9
INV-H2-000278,0,,2892472,2892472,0.9
INV-H2-000279,0,,4108959,4108959,0.95
INV-H2-000280,0,,984725,984725,0.95
INV-H2-000281,0,,1820081,1820081,0.95
INV-H2-000282,0,,3803564,3803564,0.95
INV-H2-000283,0,,4143970,4143970,0.95
INV-H2-000284,0,,2119699,2119699,0.9
INV-H2-000285,0,,3080963,3080963,0.9
INV-H2-000286,0,,1015150,1015150,0.95
INV-H2-000287,0,,4273074,4273074,0.95
INV-H2-000288,0,,1708690,1708690,0.95
INV-H2-000289,0,,1786174,1786174,0.95
INV-H2-000290,1,duplicate_invoice_id,1309252,1309252,0.95
INV-H2-000291,0,,1924615,1924615,0.95
INV-H2-000292,0,,4047004,4047004,0.95
INV-H2-000293,0,,2436845,2436845,0.95
INV-H2-000294,0,,2842445,2842445,0.95
INV-H2-000295,0,,2049905,2049905,0.9
INV-H2-000296,0,,5013599,5013599,0.95
INV-H2-000297,0,,4453610,4453610,0.9
INV-H2-000298,0,,2795685,2795685,0.9
INV-H2-000299,1,contract_number_mismatch,3677863,3677863,0.95
INV-H2-000300,0,,2910739,2910739,0.95
INV-H2-000301,0,,3775268,3775268,0.95
INV-H2-000302,0,,719120,719120,0.95
INV-H2-000303,0,,2394717,2394717,0.95
INV-H2-000304,0,,1250195,1250195,0.95
INV-H2-000305,0,,1720763,1720763,0.95
INV-H2-000306,1,cross_invoice_duplicate|pricing_mismatch,3758341,3762607,0.95
INV-H2-000307,0,,2666334,2666334,0.95
INV-H2-000308,0,,1342511,1342511,0.9
INV-H2-000309,0,,2638802,2638802,0.95
INV-H2-000310,0,,3367575,3367575,0.95
INV-H2-000311,0,,2948572,2948572,0.95
INV-H2-000312,0,,1517532,1517532,0.9
INV-H2-000313,0,,2230605,2230605,0.9
INV-H2-000314,0,,2579449,2579449,0.9
INV-H2-000315,1,cross_invoice_duplicate|wrong_unit_basis|pricing_mismatch,1464854,1836941,0.97
INV-H2-000316,0,,2822219,2822219,0.95
INV-H2-000317,0,,726065,726065,0.95
INV-H2-000318,0,,3066075,3066075,0.95
INV-H2-000319,0,,1282121,1282121,0.95
INV-H2-000320,0,,3982500,3982500,0.9
INV-H2-000321,0,,1973038,1973038,0.95
INV-H2-000322,0,,1263762,1263762,0.95
INV-H2-000323,0,,323654,323654,0.95
INV-H2-000324,0,,2313314,2313314,0.9
INV-H2-000325,1,pricing_mismatch,1598484,1666784,0.82
INV-H2-000326,0,,872000,872000,0.95
INV-H2-000327,0,,3386714,3386714,0.9
INV-H2-000328,0,,2670780,2670780,0.95
INV-H2-000329,0,,966437,966437,0.95
INV-H2-000330,0,,1553631,1553631,0.9
INV-H2-000331,1,unknown_service,2670468,2670468,0.94
INV-H2-000332,0,,3646221,3646221,0.9
INV-H2-000333,0,,1201594,1201594,0.95
INV-H2-000334,0,,2990147,2990147,0.95
INV-H2-000335,0,,4659898,4659898,0.95
INV-H2-000336,0,,3720232,3720232,0.9
INV-H2-000337,0,,2289976,2289976,0.9
INV-H2-000338,0,,1967325,1967325,0.9
INV-H2-000339,0,,2689112,2689112,0.9
INV-H2-000340,0,,2243925,2243925,0.95
INV-H2-000341,0,,1736250,1736250,0.95
INV-H2-000342,0,,3732648,3732648,0.9
INV-H2-000343,0,,5344806,5344806,0.95
INV-H2-000344,0,,2731884,2731884,0.95
INV-H2-000345,1,unknown_service,1708455,1708455,0.94
INV-H2-000346,0,,2408216,2408216,0.95
INV-H2-000347,0,,1874095,1874095,0.95
INV-H2-000348,0,,2412300,2412300,0.95
INV-H2-000349,0,,2377553,2377553,0.9
INV-H2-000350,0,,1775933,1775933,0.95
INV-H2-000351,0,,2239547,2239547,0.95
INV-H2-000352,0,,2541076,2541076,0.95
INV-H2-000353,0,,1977554,1977554,0.9
INV-H2-000354,0,,882912,882912,0.95
INV-H2-000355,0,,961604,961604,0.9
INV-H2-000356,0,,3469305,3469305,0.95
INV-H2-000357,1,unknown_service,2918301,2918301,0.94
INV-H2-000358,0,,1182388,1182388,0.9
INV-H2-000359,0,,1422806,1422806,0.95
INV-H2-000360,0,,2099040,2099040,0.9
INV-H2-000361,0,,3203010,3203010,0.9
INV-H2-000362,0,,2580301,2580301,0.95
INV-H2-000363,0,,2604594,2604594,0.9
INV-H2-000364,0,,4278783,4278783,0.9
INV-H2-000365,0,,2527754,2527754,0.95
INV-H2-000366,0,,3640315,3640315,0.95
INV-H2-000367,0,,4036760,4036760,0.9
INV-H2-000368,0,,3089495,3089495,0.95
INV-H2-000369,0,,4816109,4816109,0.9
INV-H2-000370,0,,1838604,1838604,0.95
INV-H2-000371,0,,606294,606294,0.95
INV-H2-000372,0,,3452468,3452468,0.9
INV-H2-000373,0,,1563990,1563990,0.9
INV-H2-000374,0,,4311933,4311933,0.95
INV-H2-000375,0,,2117844,2117844,0.95
INV-H2-000376,1,service_date_after_invoice_date|pricing_mismatch,2779150,2933550,0.95
INV-H2-000377,0,,2352231,2352231,0.9
INV-H2-000378,0,,3569028,3569028,0.95
INV-H2-000379,0,,1395717,1395717,0.9
INV-H2-000380,0,,1072638,1072638,0.9
INV-H2-000381,0,,536246,536246,0.95
INV-H2-000382,0,,2908946,2908946,0.95
INV-H2-000383,0,,1996262,1996262,0.95
INV-H2-000384,0,,3920041,3920041,0.9
INV-H2-000385,0,,2066280,2066280,0.95
INV-H2-000386,0,,1412868,1412868,0.95
INV-H2-000387,0,,3190686,3190686,0.9
INV-H2-000388,0,,1327618,1327618,0.9
INV-H2-000389,0,,898556,898556,0.95
INV-H2-000390,0,,1681972,1681972,0.95
INV-H2-000391,0,,1410986,1410986,0.9
INV-H2-000392,0,,3198125,3198125,0.95
INV-H2-000393,1,unknown_service,2854089,2854089,0.94
INV-H2-000394,0,,1198540,1198540,0.9
INV-H2-000395,0,,2315813,2315813,0.95
INV-H2-000396,0,,1899716,1899716,0.9
INV-H2-000397,0,,1363725,1363725,0.95
INV-H2-000398,0,,4717063,4717063,0.9
INV-H2-000399,0,,1760409,1760409,0.95
INV-H2-000400,0,,2854742,2854742,0.95
INV-H2-000401,0,,1154624,1154624,0.95
INV-H2-000402,0,,2787726,2787726,0.9
INV-H2-000403,0,,2788224,2788224,0.9
INV-H2-000404,0,,1430615,1430615,0.9
INV-H2-000405,0,,554880,554880,0.9
INV-H2-000406,0,,4333007,4333007,0.95
INV-H2-000407,0,,2348296,2348296,0.95
INV-H2-000408,0,,3847130,3847130,0.9
INV-H2-000409,0,,2308918,2308918,0.95
INV-H2-000410,0,,1095747,1095747,0.95
INV-H2-000411,0,,659984,659984,0.9
INV-H2-000412,0,,748067,748067,0.9
INV-H2-000413,0,,2121975,2121975,0.95
INV-H2-000414,0,,1289277,1289277,0.95
INV-H2-000415,0,,1366701,1366701,0.95
INV-H2-000416,0,,1882350,1882350,0.95
INV-H2-000417,0,,2886177,2886177,0.95
INV-H2-000418,0,,3790376,3790376,0.95
INV-H2-000419,0,,1346041,1346041,0.9
INV-H2-000420,0,,1997150,1997150,0.95
INV-H2-000421,0,,2124205,2124205,0.95
INV-H2-000422,1,malformed_service_date,2442022,2442022,0.97
INV-H2-000423,0,,2257247,2257247,0.95
INV-H2-000424,0,,3020005,3020005,0.95
INV-H2-000425,0,,2119373,2119373,0.9
INV-H2-000426,0,,1683811,1683811,0.9
INV-H2-000427,0,,2581960,2581960,0.9
INV-H2-000428,0,,865265,865265,0.95
INV-H2-000429,0,,3033400,3033400,0.95
INV-H2-000430,0,,2119852,2119852,0.95
INV-H2-000431,0,,3036250,3036250,0.95
INV-H2-000432,1,line_total_arithmetic|invoice_total_mismatch|pricing_mismatch,809053,851553,0.95
INV-H2-000433,0,,3006170,3006170,0.95
INV-H2-000434,0,,976760,976760,0.9
INV-H2-000435,0,,1993856,1993856,0.95
INV-H2-000436,1,invoice_total_mismatch|wrong_unit_basis|pricing_mismatch,2190585,2403279,0.97
INV-H2-000437,0,,2565495,2565495,0.95
INV-H2-000438,0,,1618210,1618210,0.95
INV-H2-000439,0,,3318627,3318627,0.9
INV-H2-000440,0,,2974295,2974295,0.95
INV-H2-000441,0,,3406221,3406221,0.95
INV-H2-000442,0,,2633430,2633430,0.95
INV-H2-000443,0,,1714442,1714442,0.9
INV-H2-000444,0,,1808152,1808152,0.95
INV-H2-000445,0,,1867264,1867264,0.95
INV-H2-000446,1,service_date_out_of_window|service_date_after_invoice_date|wrong_unit_basis|pricing_mismatch,4031946,4057446,0.95
INV-H2-000447,1,service_date_out_of_window|unknown_service,3616607,3616607,0.97
INV-H2-000448,0,,3534828,3534828,0.95
INV-H2-000449,0,,2821366,2821366,0.95
INV-H2-000450,0,,1164383,1164383,0.95
INV-H2-000451,0,,753854,753854,0.95
INV-H2-000452,0,,2030073,2030073,0.95
INV-H2-000453,0,,2618660,2618660,0.95
INV-H2-000454,0,,652962,652962,0.95
INV-H2-000455,0,,1630753,1630753,0.95
INV-H2-000456,0,,2350475,2350475,0.95
INV-H2-000457,0,,1969084,1969084,0.95
INV-H2-000458,1,unknown_service,1219696,1219696,0.94
INV-H2-000459,0,,1475580,1475580,0.95
INV-H2-000460,0,,1720892,1720892,0.95
INV-H2-000461,1,unknown_service,2159420,2159420,0.94
INV-H2-000462,0,,3616143,3616143,0.95
INV-H2-000463,0,,2511058,2511058,0.9
INV-H2-000464,0,,450405,450405,0.95
INV-H2-000465,0,,1735104,1735104,0.95
INV-H2-000466,0,,2091634,2091634,0.95
INV-H2-000467,0,,731706,731706,0.9
INV-H2-000468,0,,1417911,1417911,0.95
INV-H2-000469,0,,1799383,1799383,0.95
INV-H2-000470,0,,848500,848500,0.95
INV-H2-000471,0,,1880822,1880822,0.9
INV-H2-000472,0,,4818240,4818240,0.9
INV-H2-000473,1,cross_invoice_duplicate|unknown_service|pricing_mismatch,3343591,3336481,0.95
INV-H2-000474,0,,2690366,2690366,0.95
INV-H2-000475,0,,1571347,1571347,0.95
INV-H2-000476,0,,840538,840538,0.9
INV-H2-000477,0,,1175492,1175492,0.95
INV-H2-000478,0,,2811743,2811743,0.95
INV-H2-000479,0,,1487956,1487956,0.95
INV-H2-000480,0,,1052124,1052124,0.95
INV-H2-000481,0,,1942981,1942981,0.9
INV-H2-000482,0,,2261845,2261845,0.9
INV-H2-000483,0,,2817934,2817934,0.95
INV-H2-000484,0,,1766773,1766773,0.95
INV-H2-000485,0,,1240519,1240519,0.9
INV-H2-000486,0,,3301850,3301850,0.95
INV-H2-000487,0,,2302326,2302326,0.95
INV-H2-000488,0,,2235260,2235260,0.95
INV-H2-000489,0,,2652128,2652128,0.95
INV-H2-000490,0,,1318273,1318273,0.95
INV-H2-000491,1,unknown_service,3922968,3922968,0.94
INV-H2-000492,0,,3215187,3215187,0.9
INV-H2-000493,0,,3246586,3246586,0.95
INV-H2-000494,0,,1217533,1217533,0.9
INV-H2-000495,0,,1182030,1182030,0.9
INV-H2-000496,1,unknown_service,1186703,1186703,0.94
INV-H2-000498,0,,3214850,3214850,0.9
INV-H2-000499,0,,3971333,3971333,0.9
INV-H2-000500,0,,2320715,2320715,0.95
INV-H2-000501,0,,2146246,2146246,0.95
INV-H2-000502,0,,2294084,2294084,0.95
INV-H2-000503,0,,4649507,4649507,0.9
INV-H2-000504,0,,1227341,1227341,0.9
INV-H2-000505,0,,1313419,1313419,0.95
INV-H2-000506,0,,2515516,2515516,0.9
INV-H2-000507,1,pricing_mismatch,3185764,3254536,0.82
INV-H2-000508,0,,3212900,3212900,0.95
INV-H2-000509,1,invoice_total_mismatch|pricing_mismatch,4976223,4972669,0.97
INV-H2-000510,0,,2229527,2229527,0.95
INV-H2-000511,0,,2811585,2811585,0.9
INV-H2-000512,0,,3858882,3858882,0.9
INV-H2-000513,0,,1178022,1178022,0.9
INV-H2-000514,0,,2413761,2413761,0.95
INV-H2-000515,0,,4751120,4751120,0.95
INV-H2-000516,0,,3819506,3819506,0.9
INV-H2-000517,0,,599366,599366,0.95
INV-H2-000518,0,,1392247,1392247,0.95
INV-H2-000519,1,malformed_service_date,4021008,4021008,0.97
INV-H2-000520,0,,1266208,1266208,0.95
INV-H2-000521,0,,2393093,2393093,0.9
INV-H2-000522,1,service_date_out_of_window|cross_invoice_duplicate|pricing_mismatch,2176551,2437801,0.97
INV-H2-000523,0,,2064963,2064963,0.9
INV-H2-000524,0,,2678468,2678468,0.95
INV-H2-000525,0,,3664609,3664609,0.95
INV-H2-000526,1,unknown_service,3521979,3521979,0.94
INV-H2-000527,0,,2372365,2372365,0.9
INV-H2-000528,0,,1165989,1165989,0.95
INV-H2-000529,0,,1942612,1942612,0.9
INV-H2-000530,0,,2020950,2020950,0.95
INV-H2-000531,1,unknown_service,1912735,1912735,0.94
INV-H2-000532,0,,1735793,1735793,0.95
INV-H2-000533,0,,782200,782200,0.95
INV-H2-000534,0,,3400872,3400872,0.9
INV-H2-000535,0,,3084252,3084252,0.9
INV-H2-000536,0,,4239813,4239813,0.9
INV-H2-000537,0,,3154210,3154210,0.9
INV-H2-000538,0,,2855565,2855565,0.9
INV-H2-000539,0,,1054333,1054333,0.9
INV-H2-000540,0,,2617786,2617786,0.95
INV-H2-000541,0,,1250700,1250700,0.95
INV-H2-000542,0,,5495032,5495032,0.95
INV-H2-000543,0,,869034,869034,0.9
INV-H2-000544,0,,4361678,4361678,0.95
INV-H2-000545,0,,3421058,3421058,0.95
INV-H2-000546,0,,2877477,2877477,0.95
INV-H2-000547,0,,2712538,2712538,0.95
INV-H2-000548,0,,1631925,1631925,0.9
INV-H2-000549,1,duplicate_invoice_id|pricing_mismatch,3666179,4038649,0.97
INV-H2-000550,0,,812880,812880,0.95
INV-H2-000551,0,,1889477,1889477,0.95
INV-H2-000552,0,,1578679,1578679,0.95
INV-H2-000553,0,,1344040,1344040,0.9
INV-H2-000554,0,,1871014,1871014,0.9
INV-H2-000555,0,,1392220,1392220,0.95
INV-H2-000556,0,,2894291,2894291,0.95
INV-H2-000557,0,,1961598,1961598,0.95
INV-H2-000558,0,,1735900,1735900,0.95
INV-H2-000559,0,,1558207,1558207,0.9
INV-H2-000560,0,,3421995,3421995,0.95
INV-H2-000561,1,malformed_service_date,3182220,3182220,0.97
INV-H2-000562,0,,2208541,2208541,0.95
INV-H2-000563,0,,880960,880960,0.9
INV-H2-000564,0,,3032224,3032224,0.95
INV-H2-000565,0,,2938967,2938967,0.95
INV-H2-000566,0,,3281550,3281550,0.9
INV-H2-000567,0,,3084514,3084514,0.9
INV-H2-000568,0,,2556398,2556398,0.95
INV-H2-000569,0,,1295125,1295125,0.95
INV-H2-000570,0,,805834,805834,0.95
INV-H2-000571,0,,1573084,1573084,0.95
INV-H2-000573,0,,1790852,1790852,0.9
INV-H2-000574,0,,4484221,4484221,0.95
INV-H2-000575,0,,1930575,1930575,0.95
INV-H2-000576,0,,1687395,1687395,0.95
INV-H2-000577,0,,3136349,3136349,0.9
INV-H2-000578,0,,1357734,1357734,0.95
INV-H2-000579,0,,2126739,2126739,0.9
INV-H2-000580,0,,2628963,2628963,0.95
INV-H2-000581,0,,2793115,2793115,0.9
INV-H2-000582,0,,3945274,3945274,0.95
INV-H2-000583,0,,3228763,3228763,0.95
INV-H2-000584,0,,806310,806310,0.95
INV-H2-000585,1,unknown_service,3546158,3546158,0.94
INV-H2-000586,0,,2641526,2641526,0.95
INV-H2-000587,0,,3303488,3303488,0.9
INV-H2-000588,0,,2523334,2523334,0.95
INV-H2-000589,0,,2244155,2244155,0.95
INV-H2-000590,0,,2785543,2785543,0.95
INV-H2-000591,0,,862772,862772,0.95
INV-H2-000592,0,,2916885,2916885,0.9
INV-H2-000593,0,,2942192,2942192,0.95
INV-H2-000594,0,,1757164,1757164,0.95
INV-H2-000595,1,pricing_mismatch,4977645,5472120,0.95
INV-H2-000596,0,,2802714,2802714,0.95
INV-H2-000597,0,,2626768,2626768,0.9
INV-H2-000598,0,,2966867,2966867,0.95
INV-H2-000599,0,,2919963,2919963,0.95
INV-H2-000600,0,,2319351,2319351,0.95
INV-H2-000601,0,,1432869,1432869,0.95
INV-H2-000602,0,,2479774,2479774,0.95
INV-H2-000603,0,,1882190,1882190,0.95
INV-H2-000604,0,,4240861,4240861,0.95
INV-H2-000605,0,,2978973,2978973,0.95
INV-H2-000606,0,,1805800,1805800,0.95
INV-H2-000607,1,pricing_mismatch,1823964,1817036,0.82
INV-H2-000608,0,,2344333,2344333,0.9
INV-H2-000609,0,,5579682,5579682,0.95
INV-H2-000610,1,pricing_mismatch,2512420,2768134,0.95
INV-H2-000611,0,,762698,762698,0.9
INV-H2-000613,0,,3596316,3596316,0.95
INV-H2-000614,0,,2472738,2472738,0.95
INV-H2-000615,0,,2524017,2524017,0.95
INV-H2-000616,0,,1191206,1191206,0.95
INV-H2-000617,0,,2405578,2405578,0.9
INV-H2-000618,0,,1829923,1829923,0.9
INV-H2-000619,0,,2581322,2581322,0.95
INV-H2-000620,0,,4885679,4885679,0.95
INV-H2-000621,0,,1124301,1124301,0.95
INV-H2-000622,0,,1882260,1882260,0.95
INV-H2-000623,0,,2896723,2896723,0.95
INV-H2-000624,0,,4022455,4022455,0.95
INV-H2-000625,1,pricing_mismatch,1349035,1379179,0.95
INV-H2-000626,0,,4145553,4145553,0.95
INV-H2-000627,0,,1786081,1786081,0.9
INV-H2-000628,0,,577005,577005,0.95
INV-H2-000629,0,,2290394,2290394,0.95
INV-H2-000630,0,,1202654,1202654,0.9
INV-H2-000631,0,,3531903,3531903,0.95
INV-H2-000632,0,,6329851,6329851,0.95
INV-H2-000633,0,,1114656,1114656,0.95
INV-H2-000634,0,,4638849,4638849,0.9
INV-H2-000635,0,,1136040,1136040,0.95
INV-H2-000637,0,,1728169,1728169,0.95
INV-H2-000638,0,,3381762,3381762,0.9
INV-H2-000639,0,,2198076,2198076,0.9
INV-H2-000640,0,,908634,908634,0.9
INV-H2-000641,0,,2763175,2763175,0.95
INV-H2-000642,0,,2904883,2904883,0.95
INV-H2-000643,0,,2698521,2698521,0.95
INV-H2-000644,0,,1398308,1398308,0.9
INV-H2-000645,0,,2258476,2258476,0.95
INV-H2-000646,0,,4456054,4456054,0.95
INV-H2-000647,0,,2068148,2068148,0.95
INV-H2-000648,0,,2700004,2700004,0.95
INV-H2-000649,0,,1552032,1552032,0.95
INV-H2-000650,0,,2432083,2432083,0.9
INV-H2-000651,0,,3375477,3375477,0.9
INV-H2-000652,0,,2483214,2483214,0.9
INV-H2-000653,0,,1468777,1468777,0.95
INV-H2-000654,0,,1219902,1219902,0.95
INV-H2-000655,0,,3699144,3699144,0.9
INV-H2-000656,0,,3136505,3136505,0.9
INV-H2-000657,0,,2413294,2413294,0.95
INV-H2-000658,0,,3097664,3097664,0.95
INV-H2-000659,0,,2083537,2083537,0.95
INV-H2-000660,0,,1164115,1164115,0.9
INV-H2-000661,1,invoice_total_mismatch,1600124,1600124,0.97
INV-H2-000662,1,service_date_out_of_window|service_date_after_invoice_date|pricing_mismatch,2105417,2167344,0.97
INV-H2-000663,0,,4682684,4682684,0.9
INV-H2-000664,0,,3095870,3095870,0.9
INV-H2-000665,0,,2621783,2621783,0.9
INV-H2-000666,0,,1621625,1621625,0.95
INV-H2-000667,0,,3168902,3168902,0.9
INV-H2-000668,0,,3127885,3127885,0.95
INV-H2-000669,0,,1716593,1716593,0.95
INV-H2-000670,0,,2667365,2667365,0.95
INV-H2-000671,0,,3704829,3704829,0.95
INV-H2-000672,0,,3149355,3149355,0.95
INV-H2-000673,0,,1783703,1783703,0.9
INV-H2-000674,0,,3512287,3512287,0.9
INV-H2-000675,0,,2606740,2606740,0.9
INV-H2-000676,0,,3815847,3815847,0.9
INV-H2-000677,0,,2188524,2188524,0.9
INV-H2-000678,0,,4303873,4303873,0.95
INV-H2-000679,0,,2691653,2691653,0.95
INV-H2-000680,0,,3026199,3026199,0.95
INV-H2-000681,0,,3587102,3587102,0.95
INV-H2-000682,0,,1652930,1652930,0.9
INV-H2-000683,0,,3284345,3284345,0.95
INV-H2-000684,1,malformed_service_date,2974777,2974777,0.97
INV-H2-000685,0,,672852,672852,0.95
INV-H2-000686,0,,3740728,3740728,0.95
INV-H2-000687,0,,1489534,1489534,0.95
INV-H2-000688,0,,1207211,1207211,0.95
INV-H2-000689,0,,3909140,3909140,0.95
INV-H2-000690,0,,909493,909493,0.95
INV-H2-000691,0,,4187093,4187093,0.95
INV-H2-000692,0,,821160,821160,0.95
INV-H2-000693,0,,3684794,3684794,0.95
INV-H2-000694,0,,2961093,2961093,0.9
INV-H2-000695,0,,2759671,2759671,0.95
INV-H2-000696,0,,2800843,2800843,0.95
INV-H2-000697,0,,1724951,1724951,0.95
INV-H2-000698,0,,3015120,3015120,0.95
INV-H2-000699,0,,3875046,3875046,0.9
INV-H2-000700,0,,3090573,3090573,0.95
INV-H2-000701,0,,3088626,3088626,0.95
INV-H2-000702,0,,3507352,3507352,0.9
INV-H2-000703,0,,3021465,3021465,0.95
INV-H2-000704,0,,4648419,4648419,0.95
INV-H2-000705,0,,2914273,2914273,0.95
INV-H2-000706,0,,2760367,2760367,0.9
INV-H2-000707,0,,3032127,3032127,0.9
INV-H2-000708,0,,742147,742147,0.95
INV-H2-000709,0,,1259718,1259718,0.95
INV-H2-000710,0,,3941607,3941607,0.95
INV-H2-000711,0,,2541681,2541681,0.95
INV-H2-000712,0,,3060317,3060317,0.95
INV-H2-000713,0,,3170981,3170981,0.9
INV-H2-000714,0,,4240210,4240210,0.95
INV-H2-000715,0,,3505795,3505795,0.95
INV-H2-000716,0,,3793348,3793348,0.9
INV-H2-000717,0,,4142953,4142953,0.95
INV-H2-000718,0,,1785111,1785111,0.95
INV-H2-000719,0,,1128563,1128563,0.95
INV-H2-000720,0,,2814649,2814649,0.95
INV-H2-000721,0,,2779727,2779727,0.9
INV-H2-000722,0,,1106765,1106765,0.95
INV-H2-000723,0,,2758055,2758055,0.95
INV-H2-000724,0,,3191802,3191802,0.95
INV-H2-000725,0,,4558114,4558114,0.95
INV-H2-000726,0,,2982991,2982991,0.9
INV-H2-000727,0,,1593236,1593236,0.9
INV-H2-000728,0,,1762947,1762947,0.95
INV-H2-000729,0,,4363911,4363911,0.95
INV-H2-000730,0,,2461898,2461898,0.9
INV-H2-000731,0,,2458658,2458658,0.95
INV-H2-000732,0,,2977662,2977662,0.95
INV-H2-000733,1,wrong_unit_basis|pricing_mismatch,3879271,4753896,0.97
INV-H2-000734,0,,873763,873763,0.9
INV-H2-000735,0,,1282225,1282225,0.95
INV-H2-000736,0,,1522600,1522600,0.9
INV-H2-000737,0,,3394300,3394300,0.95
INV-H2-000738,0,,4531429,4531429,0.95
INV-H2-000739,0,,1322520,1322520,0.95
INV-H2-000740,0,,1642075,1642075,0.95
INV-H2-000741,0,,746350,746350,0.95
INV-H2-000742,0,,2587287,2587287,0.9
INV-H2-000743,1,pricing_mismatch,1895777,1843727,0.95
INV-H2-000744,1,line_total_arithmetic|pricing_mismatch,2142767,2170400,0.97
INV-H2-000745,0,,4798801,4798801,0.95
INV-H2-000746,0,,1574770,1574770,0.9
INV-H2-000747,0,,1537272,1537272,0.9
INV-H2-000748,0,,3360182,3360182,0.95
INV-H2-000749,0,,3319651,3319651,0.95
INV-H2-000750,0,,1253747,1253747,0.95
INV-H2-000751,0,,1626705,1626705,0.95
INV-H2-000752,1,malformed_service_date|wrong_unit_basis,1570251,1570251,0.97
INV-H2-000753,0,,3500129,3500129,0.9
INV-H2-000754,0,,4507631,4507631,0.9
INV-H2-000755,0,,5157305,5157305,0.95
INV-H2-000756,0,,3824998,3824998,0.95
INV-H2-000757,0,,1782000,1782000,0.95
INV-H2-000758,0,,3991593,3991593,0.95
INV-H2-000759,0,,1371605,1371605,0.95
INV-H2-000760,0,,1642789,1642789,0.9
INV-H2-000761,0,,2934858,2934858,0.95
INV-H2-000762,0,,1232419,1232419,0.9
INV-H2-000763,0,,1102120,1102120,0.95
INV-H2-000764,0,,1062263,1062263,0.95
INV-H2-000765,0,,1105935,1105935,0.95
INV-H2-000766,0,,3930652,3930652,0.9
INV-H2-000767,0,,2128330,2128330,0.95
INV-H2-000768,0,,1576763,1576763,0.9
INV-H2-000769,0,,1143304,1143304,0.95
INV-H2-000771,0,,1932532,1932532,0.95
INV-H2-000772,0,,2180670,2180670,0.95
INV-H2-000773,0,,1935741,1935741,0.9
INV-H2-000774,0,,2841782,2841782,0.9
INV-H2-000775,0,,3303626,3303626,0.9
INV-H2-000776,0,,1497840,1497840,0.95
INV-H2-000777,0,,3599806,3599806,0.9
INV-H2-000778,0,,2775345,2775345,0.95
INV-H2-000779,0,,797743,797743,0.95
INV-H2-000780,0,,1277900,1277900,0.95
INV-H2-000781,0,,4176908,4176908,0.9
INV-H2-000782,0,,3222420,3222420,0.9
INV-H2-000783,1,service_date_after_invoice_date|wrong_unit_basis,2563422,2563422,0.97
INV-H2-000784,0,,741930,741930,0.95
INV-H2-000785,0,,4069007,4069007,0.9
INV-H2-000786,0,,3141003,3141003,0.95
INV-H2-000787,0,,3476965,3476965,0.9
INV-H2-000788,0,,2383643,2383643,0.95
INV-H2-000789,0,,3371584,3371584,0.9
INV-H2-000790,0,,3125368,3125368,0.9
INV-H2-000791,0,,3166917,3166917,0.9
INV-H2-000792,0,,3692155,3692155,0.95
INV-H2-000793,0,,2006795,2006795,0.95
INV-H2-000794,0,,2921087,2921087,0.95
INV-H2-000795,0,,2561353,2561353,0.95
INV-H2-000796,0,,1983748,1983748,0.95
INV-H2-000797,0,,1773536,1773536,0.95
INV-H2-000798,0,,3954108,3954108,0.95
INV-H2-000799,0,,3386979,3386979,0.95
INV-H2-000800,1,service_date_out_of_window,3262287,3262287,0.97
INV-H2-000801,0,,2168039,2168039,0.95
INV-H2-000802,0,,4086093,4086093,0.95
INV-H2-000803,0,,2794537,2794537,0.95
INV-H2-000804,0,,3298766,3298766,0.9
INV-H2-000805,0,,2101348,2101348,0.95
INV-H2-000806,0,,3197789,3197789,0.9
INV-H2-000807,0,,2639466,2639466,0.95
INV-H2-000808,0,,1851240,1851240,0.95
INV-H2-000809,0,,1497767,1497767,0.9
INV-H2-000810,0,,674737,674737,0.95
INV-H2-000811,0,,1367573,1367573,0.95
INV-H2-000812,0,,2149659,2149659,0.9
INV-H2-000813,0,,1259475,1259475,0.95
INV-H2-000814,0,,3908420,3908420,0.95
INV-H2-000815,0,,2359169,2359169,0.9
INV-H2-000816,0,,1899044,1899044,0.9
INV-H2-000817,0,,3930565,3930565,0.95
INV-H2-000818,1,contract_number_mismatch|pricing_mismatch,1540334,1786734,0.97
INV-H2-000819,0,,1600542,1600542,0.9
INV-H2-000820,0,,3602804,3602804,0.9
INV-H2-000821,0,,2009157,2009157,0.9
INV-H2-000822,0,,1834615,1834615,0.9
INV-H2-000823,0,,1616874,1616874,0.95
INV-H2-000824,0,,1783839,1783839,0.9
INV-H2-000825,0,,2774696,2774696,0.95
INV-H2-000826,0,,3270588,3270588,0.95
INV-H2-000827,0,,2673574,2673574,0.9
INV-H2-000828,0,,3828953,3828953,0.95
INV-H2-000829,0,,1296475,1296475,0.95
INV-H2-000830,1,pricing_mismatch,1890653,1878566,0.82
INV-H2-000831,0,,1961747,1961747,0.95
INV-H2-000832,0,,2144903,2144903,0.95
INV-H2-000833,0,,5204720,5204720,0.95
INV-H2-000834,0,,908205,908205,0.95
INV-H2-000835,1,wrong_unit_basis,814076,814076,0.97
INV-H2-000836,0,,3991765,3991765,0.95
INV-H2-000837,0,,2944435,2944435,0.95
INV-H2-000838,0,,2425388,2425388,0.95
INV-H2-000839,0,,1865193,1865193,0.9
INV-H2-000840,0,,2749531,2749531,0.95
INV-H2-000841,0,,2554005,2554005,0.9
INV-H2-000842,0,,753112,753112,0.95
INV-H2-000843,1,line_total_arithmetic|service_date_after_invoice_date|pricing_mismatch,780733,1031048,0.97
INV-H2-000844,1,pricing_mismatch,2017782,2187312,0.82
INV-H2-000845,0,,3594329,3594329,0.9
INV-H2-000846,0,,2680106,2680106,0.95
INV-H2-000847,0,,1683145,1683145,0.95
INV-H2-000848,0,,2981621,2981621,0.95
INV-H2-000849,1,unknown_service,1207808,1207808,0.94
INV-H2-000850,0,,995241,995241,0.9
INV-H2-000851,0,,2787553,2787553,0.95
INV-H2-000852,1,pricing_mismatch,3797947,3860247,0.87
INV-H2-000853,0,,1987980,1987980,0.9
INV-H2-000854,0,,2887999,2887999,0.9
INV-H2-000855,0,,4143130,4143130,0.95
INV-H2-000856,0,,3712565,3712565,0.95
INV-H2-000857,0,,1161300,1161300,0.95
INV-H2-000858,0,,1256173,1256173,0.95
INV-H2-000859,0,,2319384,2319384,0.95
INV-H2-000860,0,,881275,881275,0.95
INV-H2-000861,0,,864006,864006,0.95
INV-H2-000862,0,,2616211,2616211,0.95
INV-H2-000863,0,,3633341,3633341,0.9
INV-H2-000864,0,,3362605,3362605,0.9
INV-H2-000865,0,,3562260,3562260,0.95
INV-H2-000866,0,,4666306,4666306,0.95
INV-H2-000867,0,,2488507,2488507,0.95
INV-H2-000868,0,,630595,630595,0.95
INV-H2-000869,0,,3190248,3190248,0.95
INV-H2-000870,0,,1802208,1802208,0.9
INV-H2-000871,0,,990570,990570,0.9
INV-H2-000872,0,,1679132,1679132,0.95
INV-H2-000873,0,,1664581,1664581,0.95
INV-H2-000874,0,,2410707,2410707,0.9
INV-H2-000875,0,,2722964,2722964,0.95
INV-H2-000876,0,,1040829,1040829,0.9
INV-H2-000877,0,,3481390,3481390,0.95
INV-H2-000878,0,,2151670,2151670,0.95
INV-H2-000879,1,unknown_service,3294671,3294671,0.94
INV-H2-000880,0,,1774589,1774589,0.9
INV-H2-000881,0,,3902640,3902640,0.95
INV-H2-000882,0,,1718401,1718401,0.95
INV-H2-000883,0,,1194295,1194295,0.9
INV-H2-000884,0,,2560306,2560306,0.95
INV-H2-000885,0,,2899515,2899515,0.9
INV-H2-000886,0,,2570948,2570948,0.9
INV-H2-000887,0,,1055620,1055620,0.9
INV-H2-000888,0,,1641200,1641200,0.9
INV-H2-000889,1,pricing_mismatch,3817154,3971554,0.82
INV-H2-000890,0,,3470378,3470378,0.9
INV-H2-000891,0,,1422344,1422344,0.95
INV-H2-000892,1,cross_invoice_duplicate,2306705,2306705,0.95
INV-H2-000893,0,,1334726,1334726,0.95
INV-H2-000894,0,,2300208,2300208,0.95
INV-H2-000895,0,,4939046,4939046,0.9
INV-H2-000896,0,,1684386,1684386,0.95
INV-H2-000897,0,,2935065,2935065,0.9
INV-H2-000898,0,,1230187,1230187,0.95
INV-H2-000899,0,,1711521,1711521,0.9
INV-H2-000900,1,pricing_mismatch,2928601,2996206,0.87
INV-H2-000901,0,,5162873,5162873,0.9
INV-H2-000902,0,,2716978,2716978,0.9
INV-H2-000903,0,,2506101,2506101,0.9
INV-H2-000904,0,,2339730,2339730,0.9
INV-H2-000905,0,,2371477,2371477,0.9
INV-H2-000906,0,,1291819,1291819,0.9
INV-H2-000907,1,unknown_service,796120,796120,0.94
INV-H2-000908,0,,3840632,3840632,0.95
INV-H2-000909,0,,1115895,1115895,0.95
INV-H2-000910,0,,3941744,3941744,0.95
INV-H2-000911,0,,1279775,1279775,0.95
INV-H2-000912,0,,4148278,4148278,0.9
INV-H2-000913,0,,2740790,2740790,0.95
INV-H2-000914,0,,1607947,1607947,0.95
INV-H2-000915,0,,3380250,3380250,0.95
INV-H2-000916,0,,3841278,3841278,0.95
INV-H2-000917,0,,1849025,1849025,0.95
INV-H2-000918,0,,1475611,1475611,0.9
INV-H2-000919,0,,4108869,4108869,0.9
INV-H2-000920,0,,3002415,3002415,0.95
INV-H2-000921,0,,3728716,3728716,0.95
INV-H2-000922,0,,2658718,2658718,0.95
INV-H2-000923,0,,2188045,2188045,0.95
INV-H2-000924,0,,3217760,3217760,0.95
INV-H2-000925,0,,1861080,1861080,0.95
INV-H2-000926,0,,5266190,5266190,0.9
INV-H2-000927,0,,1298490,1298490,0.9
INV-H2-000928,0,,2278307,2278307,0.95
INV-H2-000929,0,,977554,977554,0.95
INV-H2-000930,0,,2200585,2200585,0.9
INV-H2-000931,0,,2076478,2076478,0.95
INV-H2-000932,0,,1668085,1668085,0.95
INV-H2-000933,0,,750403,750403,0.95
INV-H2-000934,0,,1713705,1713705,0.9
INV-H2-000935,0,,1467418,1467418,0.95
INV-H2-000936,0,,4613985,4613985,0.9
INV-H2-000937,0,,2959847,2959847,0.95
INV-H2-000938,0,,3526755,3526755,0.9
INV-H2-000939,0,,3142154,3142154,0.95
INV-H2-000940,0,,2413189,2413189,0.95
INV-H2-000941,0,,1947890,1947890,0.95
INV-H2-000942,0,,961953,961953,0.95
INV-H2-000943,0,,4962117,4962117,0.9
INV-H2-000944,0,,1246331,1246331,0.95
INV-H2-000945,0,,1641371,1641371,0.95
INV-H2-000946,0,,1772674,1772674,0.95
INV-H2-000947,0,,2794550,2794550,0.9
INV-H2-000948,0,,1396291,1396291,0.9
INV-H2-000949,0,,3418986,3418986,0.95
INV-H2-000950,0,,2030127,2030127,0.95
INV-H2-000951,1,wrong_unit_basis,3584619,3584619,0.97
INV-H2-000952,0,,4102060,4102060,0.95
INV-H2-000953,0,,3157954,3157954,0.95
INV-H2-000954,0,,3339291,3339291,0.9
INV-H2-000955,1,malformed_service_date|service_date_after_invoice_date,1703199,1703199,0.97
INV-H2-000956,0,,1170448,1170448,0.95
INV-H2-000957,0,,3563324,3563324,0.95
INV-H2-000958,0,,1957650,1957650,0.95
INV-H2-000959,0,,1345550,1345550,0.95
INV-H2-000960,0,,1500075,1500075,0.95
INV-H2-000961,0,,1948476,1948476,0.95
INV-H2-000962,0,,3371295,3371295,0.95
INV-H2-000963,0,,2661080,2661080,0.95
INV-H2-000964,0,,2271587,2271587,0.95
INV-H2-000965,1,unknown_service,678034,678034,0.94
INV-H2-000966,0,,1334073,1334073,0.95
INV-H2-000967,0,,2334120,2334120,0.9
INV-H2-000968,0,,1954872,1954872,0.95
INV-H2-000969,0,,2885795,2885795,0.9
INV-H2-000970,0,,3271559,3271559,0.95
INV-H2-000971,0,,3268943,3268943,0.95
INV-H2-000972,0,,3877395,3877395,0.95
INV-H2-000973,0,,2523532,2523532,0.95
INV-H2-000974,0,,3352291,3352291,0.95
INV-H2-000975,0,,3325550,3325550,0.95
INV-H2-000976,0,,4049089,4049089,0.95
INV-H2-000977,0,,3996544,3996544,0.95
INV-H2-000978,0,,380876,380876,0.95
INV-H2-000979,0,,825685,825685,0.95
INV-H2-000980,0,,2052881,2052881,0.9
INV-H2-000981,0,,2343368,2343368,0.95
INV-H2-000982,0,,3876361,3876361,0.95
INV-H2-000983,0,,3185533,3185533,0.95
INV-H2-000984,0,,516810,516810,0.95
INV-H2-000985,0,,3565104,3565104,0.9
INV-H2-000986,0,,932430,932430,0.95
INV-H2-000987,0,,1026862,1026862,0.95
INV-H2-000988,0,,3748700,3748700,0.9
INV-H2-000989,0,,2155933,2155933,0.9
INV-H2-000990,0,,2687172,2687172,0.9
INV-H2-000991,0,,811530,811530,0.95
INV-H2-000992,0,,2344754,2344754,0.95
INV-H2-000993,0,,1695527,1695527,0.95
INV-H2-000994,1,cross_invoice_duplicate,1294275,1294275,0.95
INV-H2-000995,0,,2573468,2573468,0.95
INV-H2-000996,0,,2108707,2108707,0.9
INV-H2-000997,0,,1270700,1270700,0.95
INV-H2-000998,0,,1965345,1965345,0.9
INV-H2-000999,0,,4489680,4489680,0.95
INV-H2-001000,0,,3411735,3411735,0.95
INV-H2-001001,1,unknown_service,2346146,2346146,0.94
INV-H2-001002,0,,1763106,1763106,0.95
INV-H2-001003,0,,379589,379589,0.95
INV-H2-001004,0,,3103865,3103865,0.95
INV-H2-001005,0,,4211904,4211904,0.95
INV-H2-001006,0,,3328351,3328351,0.9
INV-H2-001007,0,,934999,934999,0.9
INV-H2-001008,0,,2294556,2294556,0.95
INV-H2-001009,0,,3787504,3787504,0.95
INV-H2-001010,0,,786344,786344,0.95
INV-H2-001011,0,,2055812,2055812,0.9
INV-H2-001012,0,,4107401,4107401,0.95
INV-H2-001013,0,,1383635,1383635,0.95
INV-H2-001014,0,,2527018,2527018,0.95
INV-H2-001015,0,,4880061,4880061,0.95
INV-H2-001016,0,,1991256,1991256,0.9
INV-H2-001017,1,pricing_mismatch,3460451,3721701,0.87
INV-H2-001018,0,,3507077,3507077,0.95
INV-H2-001019,0,,3711920,3711920,0.95
INV-H2-001020,1,unknown_service,4523784,4523784,0.94
INV-H2-001021,0,,3098186,3098186,0.9
INV-H2-001022,0,,793850,793850,0.9
INV-H2-001023,0,,1275392,1275392,0.95
INV-H2-001024,0,,2254015,2254015,0.9
INV-H2-001025,0,,1871857,1871857,0.9
INV-H2-001026,0,,702100,702100,0.95
INV-H2-001027,0,,1960235,1960235,0.95
INV-H2-001028,1,invoice_total_mismatch|wrong_unit_basis|pricing_mismatch,134581,159581,0.97
INV-H2-001029,0,,1860990,1860990,0.9
INV-H2-001030,1,contract_number_mismatch|wrong_unit_basis|unknown_service,3561932,3561932,0.97
INV-H2-001031,0,,4387478,4387478,0.95
INV-H2-001032,0,,976266,976266,0.9
INV-H2-001033,0,,2351755,2351755,0.95
INV-H2-001034,0,,2664625,2664625,0.95
INV-H2-001036,0,,3410841,3410841,0.95
INV-H2-001037,0,,3753669,3753669,0.95
INV-H2-001038,1,pricing_mismatch,1435704,1530398,0.87
INV-H2-001039,0,,2261611,2261611,0.95
INV-H2-001040,0,,964376,964376,0.95
INV-H2-001041,1,line_total_arithmetic|pricing_mismatch,3016474,4721224,0.97
INV-H2-001042,0,,1931251,1931251,0.95
INV-H2-001043,0,,3911612,3911612,0.95
INV-H2-001044,1,contract_number_mismatch|wrong_unit_basis,1319234,1319234,0.97
INV-H2-001045,0,,3893284,3893284,0.9
INV-H2-001046,0,,946553,946553,0.95
INV-H2-001047,0,,1526244,1526244,0.95
INV-H2-001048,0,,3651137,3651137,0.95
INV-H2-001049,0,,842398,842398,0.95
INV-H2-001050,0,,2848318,2848318,0.9
INV-H2-001051,0,,3670705,3670705,0.95
INV-H2-001052,0,,3269428,3269428,0.95
INV-H2-001053,0,,4283250,4283250,0.95
INV-H2-001054,0,,1669538,1669538,0.95
INV-H2-001055,0,,2570725,2570725,0.9
INV-H2-001056,0,,4458458,4458458,0.95
INV-H2-001057,0,,1424605,1424605,0.95
INV-H2-001058,0,,2281516,2281516,0.9
INV-H2-001059,0,,700562,700562,0.95
INV-H2-001060,0,,1741993,1741993,0.9
INV-H2-001061,0,,1466298,1466298,0.95
INV-H2-001062,0,,3235647,3235647,0.95
INV-H2-001063,0,,905650,905650,0.95
INV-H2-001064,0,,2263091,2263091,0.9
INV-H2-001065,0,,1793805,1793805,0.95
INV-H2-001066,0,,2585711,2585711,0.95
INV-H2-001067,0,,1750640,1750640,0.95
INV-H2-001068,0,,2181943,2181943,0.95
INV-H2-001069,0,,905847,905847,0.95
INV-H2-001070,0,,3531763,3531763,0.95
INV-H2-001071,0,,1853918,1853918,0.95
INV-H2-001072,0,,2431361,2431361,0.95
INV-H2-001073,1,invoice_total_mismatch|wrong_unit_basis|pricing_mismatch,3288850,3115140,0.97
INV-H2-001074,0,,2666241,2666241,0.9
INV-H2-001075,0,,1856660,1856660,0.95
INV-H2-001076,0,,3053262,3053262,0.9
INV-H2-001077,0,,2312311,2312311,0.9
INV-H2-001078,0,,3309778,3309778,0.9
INV-H2-001079,0,,3178980,3178980,0.95
INV-H2-001080,0,,3904131,3904131,0.95
INV-H2-001081,0,,649333,649333,0.9
INV-H2-001082,0,,1454970,1454970,0.9
INV-H2-001083,0,,3718784,3718784,0.9
INV-H2-001084,0,,1165486,1165486,0.95
INV-H2-001085,0,,2098190,2098190,0.95
INV-H2-001086,0,,3300088,3300088,0.9
INV-H2-001087,0,,1064100,1064100,0.95
INV-H2-001088,0,,2403386,2403386,0.95
INV-H2-001089,0,,3054038,3054038,0.95
INV-H2-001090,0,,5040901,5040901,0.9
INV-H2-001091,0,,2834194,2834194,0.95
INV-H2-001092,0,,1713805,1713805,0.95
INV-H2-001093,0,,3647438,3647438,0.95
INV-H2-001094,0,,185216,185216,0.95
INV-H2-001095,0,,2758185,2758185,0.95
INV-H2-001096,0,,2080320,2080320,0.95
INV-H2-001097,0,,825286,825286,0.95
INV-H2-001098,0,,415220,415220,0.9
INV-H2-001099,0,,740475,740475,0.95
INV-H2-001100,0,,1429385,1429385,0.9
INV-H2-001101,0,,1998485,1998485,0.95
INV-H2-001102,0,,3652067,3652067,0.9
INV-H2-001103,0,,2203699,2203699,0.95
INV-H2-001104,0,,1764560,1764560,0.95
INV-H2-001105,0,,1959400,1959400,0.95
INV-H2-001106,0,,2937640,2937640,0.9
INV-H2-001107,0,,1538659,1538659,0.9
INV-H2-001108,0,,1799203,1799203,0.95
INV-H2-001109,1,pricing_mismatch,837639,935389,0.87
INV-H2-001110,0,,1318632,1318632,0.95
INV-H2-001111,0,,3347740,3347740,0.95
INV-H2-001112,0,,3280806,3280806,0.95
INV-H2-001113,0,,1474210,1474210,0.95
INV-H2-001114,0,,2250654,2250654,0.95
INV-H2-001115,0,,3882884,3882884,0.9
INV-H2-001116,0,,1204505,1204505,0.95
INV-H2-001117,0,,3050848,3050848,0.9
INV-H2-001118,0,,1394553,1394553,0.95
INV-H2-001119,0,,897234,897234,0.95
INV-H2-001120,0,,2324144,2324144,0.9
INV-H2-001121,0,,1848810,1848810,0.95
INV-H2-001122,0,,1189092,1189092,0.95
INV-H2-001123,0,,1761377,1761377,0.9
INV-H2-001124,0,,1047455,1047455,0.95
INV-H2-001125,0,,1529979,1529979,0.95
INV-H2-001126,0,,3819014,3819014,0.95
INV-H2-001127,0,,1668997,1668997,0.9
INV-H2-001128,0,,3150596,3150596,0.9
INV-H2-001129,0,,623988,623988,0.9
INV-H2-001130,1,wrong_unit_basis|pricing_mismatch,3356956,3384668,0.97
INV-H2-001131,0,,1634825,1634825,0.9
INV-H2-001132,0,,3223295,3223295,0.9
INV-H3-000001,0,,3642525,3642525,0.95
INV-H3-000002,0,,2908235,2908235,0.95
INV-H3-000003,0,,4009560,4009560,0.95
INV-H3-000004,0,,4056505,4056505,0.95
INV-H3-000005,0,,5863300,5863300,0.95
INV-H3-000006,1,invoice_total_mismatch|pricing_mismatch,5833766,5808766,0.97
INV-H3-000007,0,,3985625,3985625,0.95
INV-H3-000008,0,,1529125,1529125,0.95
INV-H3-000009,0,,1121650,1121650,0.95
INV-H3-000010,0,,3488955,3488955,0.95
INV-H3-000011,0,,2481031,2481031,0.9
INV-H3-000012,0,,2163625,2163625,0.9
INV-H3-000013,0,,1213100,1213100,0.95
INV-H3-000014,0,,3412575,3412575,0.95
INV-H3-000015,0,,1980335,1980335,0.95
INV-H3-000016,0,,4289481,4289481,0.9
INV-H3-000017,1,malformed_service_date,4700676,4700676,0.97
INV-H3-000018,0,,4492825,4492825,0.95
INV-H3-000019,0,,3964925,3964925,0.95
INV-H3-000020,0,,2359575,2359575,0.95
INV-H3-000021,1,duplicate_invoice_id,2862448,2862448,0.97
INV-H3-000022,0,,1865125,1865125,0.95
INV-H3-000023,0,,4068300,4068300,0.95
INV-H3-000024,0,,2590825,2590825,0.95
INV-H3-000025,0,,3343645,3343645,0.95
INV-H3-000026,0,,3983224,3983224,0.9
INV-H3-000027,0,,1902412,1902412,0.9
INV-H3-000028,0,,1207741,1207741,0.95
INV-H3-000029,1,wrong_unit_basis|pricing_mismatch,794425,801990,0.97
INV-H3-000030,0,,2292535,2292535,0.95
INV-H3-000031,0,,2697916,2697916,0.9
INV-H3-000032,0,,3046405,3046405,0.95
INV-H3-000033,0,,2979500,2979500,0.95
INV-H3-000034,0,,2352800,2352800,0.95
INV-H3-000035,0,,3007590,3007590,0.95
INV-H3-000036,0,,3181885,3181885,0.95
INV-H3-000037,0,,1593850,1593850,0.95
INV-H3-000038,1,invoice_total_mismatch|pricing_mismatch,3575097,3550097,0.97
INV-H3-000039,0,,1622500,1622500,0.95
INV-H3-000040,0,,1165154,1165154,0.95
INV-H3-000041,0,,2802550,2802550,0.95
INV-H3-000042,0,,2193035,2193035,0.95
INV-H3-000043,0,,720875,720875,0.95
INV-H3-000044,0,,5049850,5049850,0.95
INV-H3-000045,0,,2978630,2978630,0.95
INV-H3-000046,0,,1238675,1238675,0.95
INV-H3-000047,0,,2054775,2054775,0.95
INV-H3-000048,0,,2452592,2452592,0.95
INV-H3-000049,0,,771475,771475,0.9
INV-H3-000050,0,,3788788,3788788,0.95
INV-H3-000051,0,,4306608,4306608,0.9
INV-H3-000052,1,pricing_mismatch,4369985,4375660,0.8
INV-H3-000053,0,,2824325,2824325,0.95
INV-H3-000054,0,,2050950,2050950,0.95
INV-H3-000055,0,,1356475,1356475,0.95
INV-H3-000056,0,,2316310,2316310,0.95
INV-H3-000057,0,,2522185,2522185,0.95
INV-H3-000058,0,,3176856,3176856,0.95
INV-H3-000059,0,,4533925,4533925,0.95
INV-H3-000060,0,,2186260,2186260,0.95
INV-H3-000061,0,,6342830,6342830,0.95
INV-H3-000062,0,,2046525,2046525,0.95
INV-H3-000063,0,,1608750,1608750,0.95
INV-H3-000064,1,malformed_service_date|pricing_mismatch,1534875,1413981,0.95
INV-H3-000065,0,,4144800,4144800,0.95
INV-H3-000066,1,pricing_mismatch,1574935,1563198,0.95
INV-H3-000067,1,pricing_mismatch,2118775,2127583,0.82
INV-H3-000068,0,,3582177,3582177,0.95
INV-H3-000069,0,,1948889,1948889,0.95
INV-H3-000070,0,,5801500,5801500,0.9
INV-H3-000072,0,,2149805,2149805,0.95
INV-H3-000073,0,,5710575,5710575,0.95
INV-H3-000074,0,,2059630,2059630,0.95
INV-H3-000075,0,,1177124,1177124,0.95
INV-H3-000076,0,,2139789,2139789,0.95
INV-H3-000077,0,,2827872,2827872,0.95
INV-H3-000078,0,,4439952,4439952,0.9
INV-H3-000079,0,,2659250,2659250,0.95
INV-H3-000080,0,,3198350,3198350,0.95
INV-H3-000081,0,,2271606,2271606,0.95
INV-H3-000082,0,,5772667,5772667,0.95
INV-H3-000083,0,,3575616,3575616,0.95
INV-H3-000084,0,,4270818,4270818,0.9
INV-H3-000085,1,duplicate_invoice_id,4117353,4117353,0.95
INV-H3-000086,0,,1361098,1361098,0.95
INV-H3-000087,0,,3266259,3266259,0.95
INV-H3-000088,0,,4111813,4111813,0.9
INV-H3-000089,0,,4265609,4265609,0.95
INV-H3-000090,0,,1808731,1808731,0.95
INV-H3-000091,0,,3303970,3303970,0.95
INV-H3-000092,0,,925781,925781,0.95
INV-H3-000093,1,line_total_arithmetic|pricing_mismatch,5284081,6133006,0.97
INV-H3-000094,0,,2092468,2092468,0.9
INV-H3-000095,0,,2789037,2789037,0.95
INV-H3-000096,0,,4412053,4412053,0.95
INV-H3-000097,0,,1000564,1000564,0.95
INV-H3-000098,0,,2735414,2735414,0.9
INV-H3-000099,0,,2625691,2625691,0.95
INV-H3-000100,0,,2109675,2109675,0.95
INV-H3-000102,0,,5255671,5255671,0.95
INV-H3-000103,0,,2296594,2296594,0.95
INV-H3-000104,0,,4911160,4911160,0.9
INV-H3-000105,0,,1192953,1192953,0.95
INV-H3-000106,0,,2634361,2634361,0.95
INV-H3-000107,0,,2584378,2584378,0.95
INV-H3-000108,0,,4367322,4367322,0.95
INV-H3-000109,0,,5408087,5408087,0.9
INV-H3-000110,0,,1684768,1684768,0.95
INV-H3-000111,0,,2383875,2383875,0.95
INV-H3-000112,0,,1742398,1742398,0.95
INV-H3-000113,0,,5731381,5731381,0.95
INV-H3-000114,0,,1192814,1192814,0.95
INV-H3-000115,0,,2667417,2667417,0.95
INV-H3-000116,0,,4073539,4073539,0.95
INV-H3-000117,0,,1089825,1089825,0.95
INV-H3-000118,0,,1748994,1748994,0.95
INV-H3-000119,0,,3946345,3946345,0.95
INV-H3-000120,0,,2310243,2310243,0.95
INV-H3-000121,0,,3402473,3402473,0.95
INV-H3-000122,0,,5179244,5179244,0.95
INV-H3-000123,0,,2039450,2039450,0.95
INV-H3-000124,0,,4141162,4141162,0.95
INV-H3-000125,0,,2340795,2340795,0.95
INV-H3-000126,0,,5640439,5640439,0.9
INV-H3-000127,0,,5644242,5644242,0.9
INV-H3-000128,1,contract_number_mismatch,881729,881729,0.95
INV-H3-000129,0,,4240496,4240496,0.95
INV-H3-000130,0,,1372600,1372600,0.95
INV-H3-000131,0,,2896247,2896247,0.95
INV-H3-000132,0,,2052490,2052490,0.95
INV-H3-000133,0,,1012000,1012000,0.95
INV-H3-000134,0,,2953243,2953243,0.9
INV-H3-000135,0,,1778600,1778600,0.95
INV-H3-000136,0,,4579968,4579968,0.95
INV-H3-000137,0,,4394713,4394713,0.95
INV-H3-000138,0,,4478817,4478817,0.95
INV-H3-000139,0,,2278850,2278850,0.95
INV-H3-000140,1,invoice_total_mismatch|service_date_out_of_window|pricing_mismatch,1699894,1739448,0.97
INV-H3-000141,0,,3488845,3488845,0.95
INV-H3-000142,0,,3506118,3506118,0.95
INV-H3-000143,0,,5464650,5464650,0.95
INV-H3-000144,0,,3387332,3387332,0.9
INV-H3-000145,0,,678827,678827,0.95
INV-H3-000146,0,,1562883,1562883,0.95
INV-H3-000147,0,,5040665,5040665,0.95
INV-H3-000148,1,duplicate_invoice_id,3271321,3271321,0.95
INV-H3-000149,0,,2077987,2077987,0.95
INV-H3-000150,0,,2849287,2849287,0.95
INV-H3-000151,0,,3755802,3755802,0.95
INV-H3-000152,0,,2359561,2359561,0.95
INV-H3-000153,0,,267839,267839,0.95
INV-H3-000154,0,,1491125,1491125,0.95
INV-H3-000155,0,,3687556,3687556,0.95
INV-H3-000156,0,,4073409,4073409,0.95
INV-H3-000157,0,,6489494,6489494,0.9
INV-H3-000158,0,,4430967,4430967,0.9
INV-H3-000159,0,,5737941,5737941,0.95
INV-H3-000160,0,,3567475,3567475,0.95
INV-H3-000161,0,,2090866,2090866,0.95
INV-H3-000162,0,,715835,715835,0.95
INV-H3-000163,0,,1920810,1920810,0.95
INV-H3-000164,0,,3537602,3537602,0.95
INV-H3-000165,0,,2458930,2458930,0.95
INV-H3-000166,0,,667075,667075,0.95
INV-H3-000167,0,,3634942,3634942,0.95
INV-H3-000168,0,,3306363,3306363,0.95
INV-H3-000169,0,,1786082,1786082,0.9
INV-H3-000170,0,,2347891,2347891,0.95
INV-H3-000171,0,,3861805,3861805,0.95
INV-H3-000172,0,,3824234,3824234,0.9
INV-H3-000173,0,,2611235,2611235,0.9
INV-H3-000174,0,,1545170,1545170,0.95
INV-H3-000175,0,,2449375,2449375,0.9
INV-H3-000176,0,,1326312,1326312,0.95
INV-H3-000177,1,pricing_mismatch,1333646,1316762,0.93
INV-H3-000178,0,,1664920,1664920,0.95
INV-H3-000179,0,,1627201,1627201,0.95
INV-H3-000180,0,,2072229,2072229,0.95
INV-H3-000181,0,,4635942,4635942,0.9
INV-H3-000182,0,,2506010,2506010,0.95
INV-H3-000183,0,,1069831,1069831,0.9
INV-H3-000184,1,pricing_mismatch,2901873,2893431,0.93
INV-H3-000185,0,,4468402,4468402,0.95
INV-H3-000186,0,,1192225,1192225,0.95
INV-H3-000187,0,,4406200,4406200,0.95
INV-H3-000188,0,,2658062,2658062,0.95
INV-H3-000189,0,,1668701,1668701,0.95
INV-H3-000190,0,,1781390,1781390,0.95
INV-H3-000191,0,,1130450,1130450,0.95
INV-H3-000192,0,,895350,895350,0.95
INV-H3-000193,0,,860651,860651,0.95
INV-H3-000194,0,,2276804,2276804,0.9
INV-H3-000195,0,,5677016,5677016,0.95
INV-H3-000196,0,,3350736,3350736,0.9
INV-H3-000197,0,,3991765,3991765,0.95
INV-H3-000198,0,,4266496,4266496,0.95
INV-H3-000199,0,,3188609,3188609,0.95
INV-H3-000200,0,,3939560,3939560,0.95
INV-H3-000201,0,,3392518,3392518,0.95
INV-H3-000202,0,,4554734,4554734,0.95
INV-H3-000203,0,,4626878,4626878,0.95
INV-H3-000204,0,,4962801,4962801,0.95
INV-H3-000205,0,,4071739,4071739,0.95
INV-H3-000206,0,,967030,967030,0.95
INV-H3-000207,0,,3464947,3464947,0.95
INV-H3-000208,0,,2132220,2132220,0.95
INV-H3-000209,0,,2664782,2664782,0.9
INV-H3-000210,0,,6902928,6902928,0.9
INV-H3-000211,0,,1435800,1435800,0.95
INV-H3-000212,0,,3418255,3418255,0.95
INV-H3-000213,0,,1888375,1888375,0.95
INV-H3-000214,0,,1904090,1904090,0.95
INV-H3-000215,0,,2252954,2252954,0.95
INV-H3-000216,0,,517255,517255,0.95
INV-H3-000217,0,,2821690,2821690,0.95
INV-H3-000218,0,,4377877,4377877,0.95
INV-H3-000219,0,,4121103,4121103,0.95
INV-H3-000220,0,,1382975,1382975,0.9
INV-H3-000221,1,service_date_after_invoice_date|pricing_mismatch,2780850,2882235,0.95
INV-H3-000222,0,,1062375,1062375,0.95
INV-H3-000223,0,,2978097,2978097,0.9
INV-H3-000224,0,,1243799,1243799,0.95
INV-H3-000225,0,,990660,990660,0.95
INV-H3-000226,1,pricing_mismatch,2742187,2782237,0.95
INV-H3-000227,0,,4352271,4352271,0.95
INV-H3-000228,0,,3318527,3318527,0.9
INV-H3-000229,0,,4267784,4267784,0.95
INV-H3-000230,0,,4647480,4647480,0.9
INV-H3-000231,0,,4454522,4454522,0.95
INV-H3-000232,0,,2474922,2474922,0.9
INV-H3-000233,0,,2454675,2454675,0.95
INV-H3-000234,0,,1394090,1394090,0.95
INV-H3-000235,0,,1007120,1007120,0.95
INV-H3-000236,1,pricing_mismatch,2423035,3145160,0.95
INV-H3-000237,0,,2095800,2095800,0.95
INV-H3-000238,0,,2090769,2090769,0.95
INV-H3-000239,0,,2210402,2210402,0.95
INV-H3-000240,0,,3109331,3109331,0.95
INV-H3-000241,0,,2422456,2422456,0.95
INV-H3-000242,0,,1954782,1954782,0.95
INV-H3-000243,0,,2866363,2866363,0.95
INV-H3-000244,0,,1227080,1227080,0.95
INV-H3-000245,0,,967183,967183,0.9
INV-H3-000246,0,,2031615,2031615,0.95
INV-H3-000247,0,,2467420,2467420,0.95
INV-H3-000248,0,,3758220,3758220,0.95
INV-H3-000249,0,,3239761,3239761,0.95
INV-H3-000250,0,,2330052,2330052,0.95
INV-H3-000251,0,,1281594,1281594,0.9
INV-H3-000252,0,,2668032,2668032,0.95
INV-H3-000253,0,,3078925,3078925,0.95
INV-H3-000254,0,,4473568,4473568,0.95
INV-H3-000255,0,,1758575,1758575,0.95
INV-H3-000256,0,,3038692,3038692,0.95
INV-H3-000257,0,,2063175,2063175,0.95
INV-H3-000258,0,,775102,775102,0.95
INV-H3-000259,0,,2849928,2849928,0.95
INV-H3-000260,0,,1972756,1972756,0.95
INV-H3-000261,0,,2140758,2140758,0.95
INV-H3-000262,1,pricing_mismatch,4772051,4801913,0.95
INV-H3-000263,0,,1293748,1293748,0.95
INV-H3-000264,0,,3302277,3302277,0.95
INV-H3-000265,0,,3208663,3208663,0.95
INV-H3-000266,0,,5056653,5056653,0.95
INV-H3-000267,0,,1268756,1268756,0.95
INV-H3-000268,0,,1055840,1055840,0.95
INV-H3-000269,0,,1423991,1423991,0.9
INV-H3-000270,0,,1420122,1420122,0.95
INV-H3-000271,0,,3940067,3940067,0.95
INV-H3-000272,0,,972608,972608,0.95
INV-H3-000273,0,,4077755,4077755,0.95
INV-H3-000274,0,,2246868,2246868,0.95
INV-H3-000275,0,,2336290,2336290,0.95
INV-H3-000276,0,,2575410,2575410,0.95
INV-H3-000277,1,service_date_after_invoice_date|cross_invoice_duplicate|wrong_unit_basis,2833247,2833247,0.95
INV-H3-000278,0,,4185298,4185298,0.95
INV-H3-000279,0,,2675759,2675759,0.95
INV-H3-000280,0,,1482837,1482837,0.95
INV-H3-000281,0,,2087514,2087514,0.95
INV-H3-000282,0,,1465854,1465854,0.95
INV-H3-000283,1,pricing_mismatch,3697860,4428835,0.82
INV-H3-000284,1,line_total_arithmetic|wrong_unit_basis|pricing_mismatch,4985090,4960090,0.97
INV-H3-000285,0,,3738460,3738460,0.95
INV-H3-000286,0,,2583800,2583800,0.95
INV-H3-000287,0,,2856585,2856585,0.95
INV-H3-000288,0,,1668069,1668069,0.9
INV-H3-000289,0,,2079560,2079560,0.95
INV-H3-000290,0,,1305288,1305288,0.95
INV-H3-000291,0,,3600303,3600303,0.95
INV-H3-000292,0,,3120806,3120806,0.95
INV-H3-000293,0,,5029915,5029915,0.95
INV-H3-000294,0,,1846274,1846274,0.95
INV-H3-000295,0,,3321134,3321134,0.95
INV-H3-000296,0,,875377,875377,0.95
INV-H3-000297,0,,4008253,4008253,0.95
INV-H3-000298,0,,1280597,1280597,0.95
INV-H3-000299,0,,4663843,4663843,0.95
INV-H3-000300,0,,2366504,2366504,0.9
INV-H3-000301,0,,584765,584765,0.95
INV-H3-000302,0,,2851784,2851784,0.95
INV-H3-000303,0,,2398761,2398761,0.95
INV-H3-000304,0,,2254728,2254728,0.9
INV-H3-000305,0,,5369852,5369852,0.9
INV-H3-000306,0,,2291309,2291309,0.95
INV-H3-000307,0,,2979876,2979876,0.95
INV-H3-000308,0,,5674337,5674337,0.9
INV-H3-000309,0,,1255941,1255941,0.95
INV-H3-000310,0,,3579397,3579397,0.95
INV-H3-000311,0,,2669817,2669817,0.95
INV-H3-000312,0,,2120285,2120285,0.95
INV-H3-000313,0,,1656090,1656090,0.95
INV-H3-000314,0,,2584085,2584085,0.95
INV-H3-000315,0,,2808637,2808637,0.9
INV-H3-000316,0,,2965511,2965511,0.95
INV-H3-000317,0,,1409111,1409111,0.95
INV-H3-000318,0,,2002531,2002531,0.95
INV-H3-000319,0,,1994444,1994444,0.95
INV-H3-000320,0,,3519298,3519298,0.95
INV-H3-000321,0,,809375,809375,0.95
INV-H3-000322,0,,4460091,4460091,0.95
INV-H3-000323,0,,4914608,4914608,0.95
INV-H3-000324,1,duplicate_invoice_id,3158141,3158141,0.97
INV-H3-000325,0,,4438825,4438825,0.95
INV-H3-000326,0,,1176004,1176004,0.95
INV-H3-000327,0,,2881395,2881395,0.95
INV-H3-000328,0,,3115283,3115283,0.95
INV-H3-000329,0,,5813300,5813300,0.95
INV-H3-000330,0,,3100873,3100873,0.95
INV-H3-000331,0,,2407428,2407428,0.95
INV-H3-000332,1,malformed_service_date|pricing_mismatch,4883960,4925293,0.97
INV-H3-000333,0,,1677524,1677524,0.95
INV-H3-000334,1,duplicate_invoice_id,2722333,2722333,0.95
INV-H3-000335,0,,3284145,3284145,0.9
INV-H3-000336,0,,4078379,4078379,0.95
INV-H3-000337,0,,1678515,1678515,0.95
INV-H3-000338,0,,3561443,3561443,0.95
INV-H3-000339,0,,914300,914300,0.95
INV-H3-000340,1,contract_number_mismatch,3870957,3870957,0.95
INV-H3-000341,0,,1351390,1351390,0.95
INV-H3-000342,0,,3544012,3544012,0.9
INV-H3-000343,0,,5494992,5494992,0.95
INV-H3-000344,1,pricing_mismatch,3052251,3057951,0.95
INV-H3-000346,0,,2421974,2421974,0.95
INV-H3-000347,1,wrong_unit_basis|pricing_mismatch,1769483,1822098,0.97
INV-H3-000348,0,,1258643,1258643,0.95
INV-H3-000349,0,,3318030,3318030,0.95
INV-H3-000350,0,,3643337,3643337,0.95
INV-H3-000351,1,malformed_service_date,940257,940257,0.97
INV-H3-000352,1,duplicate_invoice_id,1619358,1619358,0.95
INV-H3-000353,0,,3005067,3005067,0.95
INV-H3-000354,0,,1327549,1327549,0.95
INV-H3-000355,0,,2542679,2542679,0.95
INV-H3-000356,0,,893175,893175,0.95
INV-H3-000357,0,,724170,724170,0.95
INV-H3-000358,0,,2515793,2515793,0.95
INV-H3-000359,0,,1321233,1321233,0.95
INV-H3-000360,0,,1872785,1872785,0.95
INV-H3-000361,0,,680391,680391,0.95
INV-H3-000362,0,,2478315,2478315,0.95
INV-H3-000363,0,,2021865,2021865,0.95
INV-H3-000364,0,,717492,717492,0.95
INV-H3-000365,0,,2076880,2076880,0.95
INV-H3-000366,0,,1721197,1721197,0.95
INV-H3-000367,1,wrong_unit_basis,1226552,1226552,0.97
INV-H3-000368,0,,2454243,2454243,0.95
INV-H3-000369,0,,987804,987804,0.95
INV-H3-000370,0,,1644625,1644625,0.95
INV-H3-000371,1,line_total_arithmetic|service_date_out_of_window|service_date_after_invoice_date|wrong_unit_basis|pricing_mismatch,657680,757680,0.95
INV-H3-000372,0,,3705794,3705794,0.95
INV-H3-000373,0,,2974080,2974080,0.95
INV-H3-000374,0,,2207638,2207638,0.95
INV-H3-000375,1,line_total_arithmetic|pricing_mismatch,3684997,3934697,0.97
INV-H3-000376,0,,2699524,2699524,0.95
INV-H3-000377,0,,1450513,1450513,0.95
INV-H3-000378,0,,695900,695900,0.95
INV-H3-000379,0,,3426839,3426839,0.95
INV-H3-000380,0,,2527400,2527400,0.95
INV-H3-000381,1,duplicate_invoice_id,3105971,3105971,0.97
INV-H3-000382,0,,2422535,2422535,0.95
INV-H3-000383,0,,1443865,1443865,0.95
INV-H3-000384,0,,1841225,1841225,0.95
INV-H3-000385,0,,1162656,1162656,0.95
INV-H3-000386,0,,3538584,3538584,0.95
INV-H3-000387,0,,1167943,1167943,0.95
INV-H3-000388,0,,1485550,1485550,0.95
INV-H3-000389,0,,2820751,2820751,0.9
INV-H3-000390,0,,3011640,3011640,0.95
INV-H3-000391,0,,2317653,2317653,0.95
INV-H3-000392,0,,6412428,6412428,0.9
INV-H3-000393,0,,1479500,1479500,0.95
INV-H3-000394,0,,1354133,1354133,0.95
INV-H3-000395,0,,4059927,4059927,0.95
INV-H3-000396,0,,4882503,4882503,0.95
INV-H3-000397,0,,1053916,1053916,0.95
INV-H3-000398,0,,4307147,4307147,0.95
INV-H3-000399,0,,2061652,2061652,0.95
INV-H3-000400,1,pricing_mismatch,2279965,2273634,0.82
INV-H3-000401,0,,2289619,2289619,0.95
INV-H3-000402,0,,1030376,1030376,0.95
INV-H3-000403,0,,1723380,1723380,0.95
INV-H3-000404,0,,2432324,2432324,0.95
INV-H3-000405,0,,2754465,2754465,0.95
INV-H3-000406,0,,1330794,1330794,0.95
INV-H3-000407,0,,1651890,1651890,0.95
INV-H3-000408,0,,3571126,3571126,0.95
INV-H3-000409,0,,847213,847213,0.95
INV-H3-000410,0,,2640415,2640415,0.95
INV-H3-000411,0,,2285301,2285301,0.95
INV-H3-000412,1,pricing_mismatch,3443783,3431121,0.95
INV-H3-000413,1,pricing_mismatch,1642244,1623251,0.82
INV-H3-000414,0,,2582215,2582215,0.95
INV-H3-000415,0,,2317974,2317974,0.95
INV-H3-000416,1,pricing_mismatch,3513792,3501130,0.82
INV-H3-000417,0,,3108901,3108901,0.9
INV-H3-000418,0,,2477993,2477993,0.95
INV-H3-000419,0,,4102600,4102600,0.95
INV-H3-000420,0,,3515258,3515258,0.95
INV-H3-000421,1,pricing_mismatch,4457742,4445080,0.95
INV-H3-000422,0,,2027914,2027914,0.95
INV-H3-000423,0,,5380751,5380751,0.95
INV-H3-000424,0,,1658950,1658950,0.95
INV-H3-000425,1,wrong_unit_basis,2704525,2704525,0.97
INV-H3-000426,0,,3195393,3195393,0.95
INV-H3-000427,1,pricing_mismatch,3458335,3691222,0.95
INV-H3-000428,1,pricing_mismatch,4104698,4079374,0.95
INV-H3-000429,0,,1635812,1635812,0.95
INV-H3-000430,0,,5691368,5691368,0.95
INV-H3-000431,0,,2216726,2216726,0.95
INV-H3-000432,0,,3930653,3930653,0.9
INV-H3-000433,0,,3852667,3852667,0.9
INV-H3-000434,0,,2688649,2688649,0.95
INV-H3-000435,1,pricing_mismatch,4718036,4711705,0.95
INV-H3-000436,0,,2701125,2701125,0.95
INV-H3-000437,0,,2947453,2947453,0.95
INV-H3-000438,0,,1846603,1846603,0.95
INV-H3-000439,0,,3044934,3044934,0.95
INV-H3-000440,0,,1837069,1837069,0.95
INV-H3-000441,0,,1325956,1325956,0.95
INV-H3-000442,0,,3988025,3988025,0.95
INV-H3-000443,0,,4655612,4655612,0.95
INV-H3-000445,0,,1187550,1187550,0.95
INV-H3-000446,0,,3993475,3993475,0.95
INV-H3-000447,1,pricing_mismatch,978535,972204,0.95
INV-H3-000448,0,,4355694,4355694,0.95
INV-H3-000449,0,,1622474,1622474,0.9
INV-H3-000450,1,pricing_mismatch,4030026,4008686,0.95
INV-H3-000452,0,,3479088,3479088,0.95
INV-H3-000453,1,pricing_mismatch,4909508,4896846,0.95
INV-H3-000454,0,,1592850,1592850,0.95
INV-H3-000455,0,,4208045,4208045,0.9
INV-H3-000456,1,pricing_mismatch,3719753,3707091,0.95
INV-H3-000457,0,,4279312,4279312,0.95
INV-H3-000458,0,,2222984,2222984,0.95
INV-H3-000459,0,,1317500,1317500,0.95
INV-H3-000460,0,,3160198,3160198,0.95
INV-H3-000461,0,,5519752,5519752,0.95
INV-H3-000462,0,,1439683,1439683,0.95
INV-H3-000463,0,,3219053,3219053,0.95
INV-H3-000464,0,,3751201,3751201,0.95
INV-H3-000465,0,,4251715,4251715,0.9
INV-H3-000466,0,,2459354,2459354,0.95
INV-H3-000467,0,,1703992,1703992,0.95
INV-H3-000468,0,,5886647,5886647,0.95
INV-H3-000469,1,pricing_mismatch,1599772,1587110,0.95
INV-H3-000470,0,,1300815,1300815,0.95
INV-H3-000471,0,,4089865,4089865,0.95
INV-H3-000472,0,,5596705,5596705,0.95
INV-H3-000473,0,,3656652,3656652,0.95
INV-H3-000474,0,,2078701,2078701,0.95
INV-H3-000475,0,,2980293,2980293,0.95
INV-H3-000476,0,,3087010,3087010,0.95
INV-H3-000477,0,,2486155,2486155,0.95
INV-H3-000478,0,,1588911,1588911,0.95
INV-H3-000479,0,,2825081,2825081,0.95
INV-H3-000480,0,,1405764,1405764,0.95
INV-H3-000481,0,,3132194,3132194,0.95
INV-H3-000482,1,pricing_mismatch,5275557,5256564,0.93
INV-H3-000483,0,,3628363,3628363,0.95
INV-H3-000484,0,,2857716,2857716,0.95
INV-H3-000485,0,,3810575,3810575,0.95
INV-H3-000486,0,,3549214,3549214,0.95
INV-H3-000487,0,,1542510,1542510,0.95
INV-H3-000488,0,,1587190,1587190,0.95
INV-H3-000489,0,,4410294,4410294,0.95
INV-H3-000490,0,,4635311,4635311,0.95
INV-H3-000491,0,,3031146,3031146,0.95
INV-H3-000492,0,,3939718,3939718,0.95
INV-H3-000493,0,,2162917,2162917,0.95
INV-H3-000494,0,,4625479,4625479,0.95
INV-H3-000495,0,,4155233,4155233,0.9
INV-H3-000496,0,,1460292,1460292,0.95
INV-H3-000497,0,,3787432,3787432,0.95
INV-H3-000498,0,,746800,746800,0.9
INV-H3-000499,0,,2510715,2510715,0.9
INV-H3-000500,0,,1543999,1543999,0.95
INV-H3-000501,0,,4838595,4838595,0.9
INV-H3-000502,0,,2890857,2890857,0.95
INV-H3-000503,0,,1983675,1983675,0.95
INV-H3-000504,0,,1571425,1571425,0.95
INV-H3-000505,0,,2146935,2146935,0.95
INV-H3-000506,0,,4826401,4826401,0.9
INV-H3-000507,0,,2111931,2111931,0.95
INV-H3-000508,0,,5882488,5882488,0.95
INV-H3-000509,0,,1606500,1606500,0.95
INV-H3-000510,0,,3190771,3190771,0.95
INV-H3-000511,1,service_date_after_invoice_date,3275914,3275914,0.95
INV-H3-000512,0,,3022326,3022326,0.95
INV-H3-000513,0,,1009369,1009369,0.95
INV-H3-000514,0,,1052504,1052504,0.95
INV-H3-000515,0,,3852464,3852464,0.95
INV-H3-000516,1,pricing_mismatch,2585662,2630209,0.95
INV-H3-000517,0,,3916004,3916004,0.95
INV-H3-000518,0,,962297,962297,0.95
INV-H3-000519,1,service_date_after_invoice_date|wrong_unit_basis|unknown_service,5156320,5156320,0.95
INV-H3-000520,0,,934154,934154,0.9
INV-H3-000521,0,,4582974,4582974,0.95
INV-H3-000522,0,,1646077,1646077,0.95
INV-H3-000523,0,,5465371,5465371,0.95
INV-H3-000524,0,,3069495,3069495,0.95
INV-H3-000525,0,,2813784,2813784,0.95
INV-H3-000526,0,,2351240,2351240,0.95
INV-H3-000527,0,,4451577,4451577,0.95
INV-H3-000528,1,wrong_unit_basis|pricing_mismatch,5392755,5335500,0.97
INV-H3-000529,0,,5138061,5138061,0.95
INV-H3-000530,0,,4685283,4685283,0.9
INV-H3-000531,0,,1349824,1349824,0.95
INV-H3-000532,0,,2162095,2162095,0.95
INV-H3-000533,0,,3120689,3120689,0.95
INV-H3-000534,0,,2294208,2294208,0.95
INV-H3-000535,0,,1661983,1661983,0.95
INV-H3-000536,0,,5678787,5678787,0.95
INV-H3-000537,0,,5535363,5535363,0.95
INV-H3-000538,0,,3761135,3761135,0.95
INV-H3-000539,0,,1898399,1898399,0.9
INV-H3-000540,0,,5031053,5031053,0.95
INV-H3-000541,0,,5042950,5042950,0.95
INV-H3-000542,0,,1483885,1483885,0.95
INV-H3-000543,0,,4273409,4273409,0.95
INV-H3-000544,0,,1496585,1496585,0.95
INV-H3-000545,0,,1992091,1992091,0.95
INV-H3-000546,0,,4199469,4199469,0.95
INV-H3-000547,0,,1793479,1793479,0.95
INV-H3-000548,0,,3780600,3780600,0.95
INV-H3-000549,0,,632222,632222,0.95
INV-H3-000550,0,,2112615,2112615,0.95
INV-H3-000551,0,,2365136,2365136,0.95
INV-H3-000552,0,,2129160,2129160,0.95
INV-H3-000553,0,,2829251,2829251,0.95
INV-H3-000554,0,,896743,896743,0.95
INV-H3-000555,0,,4569560,4569560,0.9
INV-H3-000556,0,,3215828,3215828,0.95
INV-H3-000557,0,,946635,946635,0.95
INV-H3-000558,0,,2223251,2223251,0.95
INV-H3-000559,0,,1222949,1222949,0.95
INV-H3-000560,0,,1914351,1914351,0.95
INV-H3-000561,0,,5976733,5976733,0.95
INV-H3-000562,0,,1326928,1326928,0.95
INV-H3-000563,0,,1630315,1630315,0.95
INV-H3-000564,0,,2089596,2089596,0.9
INV-H3-000565,1,wrong_unit_basis|pricing_mismatch,933802,1543378,0.97
INV-H3-000566,0,,2355847,2355847,0.9
INV-H3-000567,0,,4725194,4725194,0.95
INV-H3-000568,0,,3255149,3255149,0.95
INV-H3-000569,0,,3211128,3211128,0.95
INV-H3-000570,0,,3537739,3537739,0.95
INV-H3-000571,0,,1000673,1000673,0.9
INV-H3-000572,0,,4585023,4585023,0.9
INV-H3-000573,0,,1617505,1617505,0.95
INV-H3-000574,0,,3886102,3886102,0.95
INV-H3-000575,0,,2133408,2133408,0.95
INV-H3-000576,0,,4165113,4165113,0.95
INV-H3-000577,0,,2116580,2116580,0.95
INV-H3-000578,0,,2599242,2599242,0.95
INV-H3-000579,0,,1735230,1735230,0.95
INV-H3-000580,0,,3746399,3746399,0.95
INV-H3-000581,0,,1626740,1626740,0.9
INV-H3-000582,0,,2791270,2791270,0.95
INV-H3-000583,0,,2040792,2040792,0.95
INV-H3-000584,0,,2568524,2568524,0.95
INV-H3-000585,0,,4437313,4437313,0.95
INV-H3-000586,0,,1714262,1714262,0.95
INV-H3-000587,0,,2548460,2548460,0.9
INV-H3-000588,0,,4209747,4209747,0.9
INV-H3-000589,0,,1413600,1413600,0.95
INV-H3-000590,0,,1062716,1062716,0.95
INV-H3-000591,0,,2326614,2326614,0.95
INV-H3-000592,0,,2351950,2351950,0.95
INV-H3-000593,0,,2946528,2946528,0.95
INV-H3-000594,0,,2622423,2622423,0.95
INV-H3-000595,0,,3212435,3212435,0.9
INV-H3-000596,1,invoice_total_mismatch|pricing_mismatch,1221425,1353425,0.95
INV-H3-000597,0,,2763642,2763642,0.95
INV-H3-000598,0,,4266606,4266606,0.9
INV-H3-000599,0,,3952368,3952368,0.95
INV-H3-000600,1,pricing_mismatch,1088438,1181936,0.95
INV-H3-000601,0,,1758720,1758720,0.95
INV-H3-000602,0,,2903585,2903585,0.95
INV-H3-000603,0,,4087951,4087951,0.9
INV-H3-000604,0,,1460397,1460397,0.95
INV-H3-000605,0,,5188179,5188179,0.95
INV-H3-000606,0,,1715630,1715630,0.95
INV-H3-000607,0,,1683196,1683196,0.9
INV-H3-000608,0,,4687781,4687781,0.95
INV-H3-000609,0,,3958061,3958061,0.95
INV-H3-000610,0,,1280605,1280605,0.95
INV-H3-000611,0,,2620672,2620672,0.9
INV-H3-000612,0,,2605415,2605415,0.95
INV-H3-000613,0,,3899556,3899556,0.95
INV-H3-000614,0,,3531410,3531410,0.95
INV-H3-000615,0,,3651949,3651949,0.95
INV-H3-000616,0,,2455618,2455618,0.95
INV-H3-000617,0,,1986075,1986075,0.95
INV-H3-000618,0,,2526045,2526045,0.95
INV-H3-000619,1,cross_invoice_duplicate,3116724,3116724,0.95
INV-H3-000620,0,,1673940,1673940,0.95
INV-H3-000621,0,,2670404,2670404,0.95
INV-H3-000622,0,,668775,668775,0.95
INV-H3-000623,0,,1904016,1904016,0.95
INV-H3-000624,0,,3025727,3025727,0.95
INV-H3-000625,0,,3580886,3580886,0.9
INV-H3-000626,0,,722107,722107,0.95
INV-H3-000627,0,,4290205,4290205,0.95
INV-H3-000628,0,,4567552,4567552,0.95
INV-H3-000629,0,,2215821,2215821,0.95
INV-H3-000630,0,,2472360,2472360,0.95
INV-H3-000631,0,,2339462,2339462,0.95
INV-H3-000632,0,,2624830,2624830,0.95
INV-H3-000633,0,,1510337,1510337,0.95
INV-H3-000634,0,,2123742,2123742,0.95
INV-H3-000635,0,,936631,936631,0.9
INV-H3-000636,0,,1955525,1955525,0.95
INV-H3-000637,0,,3055685,3055685,0.95
INV-H3-000638,0,,2890956,2890956,0.95
INV-H3-000639,0,,2652090,2652090,0.95
INV-H3-000640,0,,1302601,1302601,0.95
INV-H3-000641,0,,1674515,1674515,0.95
INV-H3-000642,0,,995375,995375,0.95
INV-H3-000643,0,,3534723,3534723,0.95
INV-H3-000644,0,,3316764,3316764,0.95
INV-H3-000645,0,,4570371,4570371,0.95
INV-H3-000646,0,,1914630,1914630,0.95
INV-H3-000647,0,,3947500,3947500,0.95
INV-H3-000648,0,,5192171,5192171,0.95
INV-H3-000649,0,,3415809,3415809,0.95
INV-H3-000650,0,,2499927,2499927,0.95
INV-H3-000651,0,,1936547,1936547,0.95
INV-H3-000652,0,,1065969,1065969,0.9
INV-H3-000654,0,,5481069,5481069,0.95
INV-H3-000655,0,,3114597,3114597,0.95
INV-H3-000656,0,,1487115,1487115,0.95
INV-H3-000657,0,,672625,672625,0.95
INV-H3-000658,0,,1482129,1482129,0.95
INV-H3-000659,1,line_total_arithmetic|pricing_mismatch,3719703,3694703,0.97
INV-H3-000660,0,,4491167,4491167,0.95
INV-H3-000661,0,,880809,880809,0.95
INV-H3-000662,0,,3525056,3525056,0.95
INV-H3-000663,0,,4226294,4226294,0.9
INV-H3-000664,0,,566596,566596,0.95
INV-H3-000665,0,,3494543,3494543,0.9
INV-H3-000666,0,,1446606,1446606,0.95
INV-H3-000667,0,,3092945,3092945,0.95
INV-H3-000668,0,,3587878,3587878,0.95
INV-H3-000669,0,,514363,514363,0.95
INV-H3-000670,0,,5265208,5265208,0.95
INV-H3-000671,0,,2958561,2958561,0.9
INV-H3-000672,0,,995793,995793,0.95
INV-H3-000673,0,,4225099,4225099,0.95
INV-H3-000674,0,,3398905,3398905,0.95
INV-H3-000675,0,,3301921,3301921,0.95
INV-H3-000676,1,pricing_mismatch,3815132,3978332,0.93
INV-H3-000677,0,,1947461,1947461,0.95
INV-H3-000678,0,,3242274,3242274,0.95
INV-H3-000679,0,,3365938,3365938,0.95
INV-H3-000680,0,,2573845,2573845,0.9
INV-H3-000681,1,line_total_arithmetic|service_date_out_of_window|wrong_unit_basis|pricing_mismatch,2157554,2132554,0.97
INV-H3-000682,0,,1879175,1879175,0.95
INV-H3-000683,0,,4193370,4193370,0.95
INV-H3-000684,0,,3962076,3962076,0.95
INV-H3-000685,0,,2811475,2811475,0.9
INV-H3-000686,0,,1507477,1507477,0.95
INV-H3-000687,0,,4845729,4845729,0.9
INV-H3-000688,0,,1626005,1626005,0.95
INV-H3-000689,0,,4240534,4240534,0.9
INV-H3-000690,0,,4065707,4065707,0.95
INV-H3-000691,0,,4897794,4897794,0.95
INV-H3-000692,0,,2539843,2539843,0.95
INV-H3-000693,0,,2568521,2568521,0.95
INV-H3-000694,0,,3730941,3730941,0.95
INV-H3-000695,0,,4156121,4156121,0.95
INV-H3-000696,0,,3157541,3157541,0.95
INV-H3-000697,0,,4006602,4006602,0.95
INV-H3-000698,0,,3137774,3137774,0.9
INV-H3-000699,0,,1467283,1467283,0.95
INV-H3-000700,0,,4189369,4189369,0.95
INV-H3-000701,0,,1027208,1027208,0.95
INV-H3-000702,0,,3242872,3242872,0.95
INV-H3-000703,0,,3295775,3295775,0.95
INV-H3-000705,0,,831530,831530,0.95
INV-H3-000706,1,wrong_unit_basis|pricing_mismatch,5093986,5393761,0.97
INV-H3-000707,0,,1488925,1488925,0.95
INV-H3-000708,0,,2003036,2003036,0.95
INV-H3-000709,0,,4056260,4056260,0.95
INV-H3-000710,0,,2337448,2337448,0.95
INV-H3-000711,0,,2972890,2972890,0.9
INV-H3-000712,0,,5427346,5427346,0.95
INV-H3-000713,0,,516575,516575,0.95
INV-H3-000714,0,,2417803,2417803,0.95
INV-H3-000715,0,,2589505,2589505,0.95
INV-H3-000716,1,pricing_mismatch,1446155,1461455,0.95
INV-H3-000717,1,pricing_mismatch,4131789,4154396,0.95
INV-H3-000718,0,,3895001,3895001,0.95
INV-H3-000719,0,,1412244,1412244,0.95
INV-H3-000720,0,,2304088,2304088,0.95
INV-H3-000721,0,,4519168,4519168,0.95
INV-H3-000722,0,,2691831,2691831,0.95
INV-H3-000723,0,,3834659,3834659,0.95
INV-H3-000724,0,,2629947,2629947,0.95
INV-H3-000725,0,,2153261,2153261,0.95
INV-H3-000726,0,,2659547,2659547,0.95
INV-H3-000727,0,,2743756,2743756,0.95
INV-H3-000728,0,,3578751,3578751,0.95
INV-H3-000729,0,,3475503,3475503,0.9
INV-H3-000730,0,,4427478,4427478,0.95
INV-H3-000731,0,,1111588,1111588,0.95
INV-H3-000732,0,,2789905,2789905,0.9
INV-H3-000733,0,,3593776,3593776,0.95
INV-H3-000734,0,,537271,537271,0.95
INV-H3-000735,0,,3087663,3087663,0.95
INV-H3-000736,0,,3137830,3137830,0.95
INV-H3-000737,0,,3064153,3064153,0.95
INV-H3-000738,0,,2919602,2919602,0.95
INV-H3-000739,0,,4242242,4242242,0.95
INV-H3-000740,0,,602853,602853,0.95
INV-H3-000741,0,,2915819,2915819,0.95
INV-H3-000742,0,,3466104,3466104,0.95
INV-H3-000743,0,,3790418,3790418,0.95
INV-H3-000744,0,,4264192,4264192,0.95
INV-H3-000745,0,,706010,706010,0.95
INV-H3-000746,0,,381317,381317,0.95
INV-H3-000747,0,,1574386,1574386,0.95
INV-H3-000748,0,,1554665,1554665,0.95
INV-H3-000749,1,service_date_out_of_window|service_date_after_invoice_date|pricing_mismatch,2628281,3780850,0.95
INV-H3-000750,0,,4599898,4599898,0.95
INV-H3-000751,0,,5760591,5760591,0.95
INV-H3-000752,0,,2701313,2701313,0.9
INV-H3-000753,0,,3093941,3093941,0.95
INV-H3-000754,0,,1819057,1819057,0.95
INV-H3-000755,0,,3156586,3156586,0.95
INV-H3-000756,0,,2393158,2393158,0.95
INV-H3-000757,0,,1771249,1771249,0.95
INV-H3-000758,0,,5260560,5260560,0.95
INV-H3-000759,0,,2342309,2342309,0.95
INV-H3-000760,0,,724790,724790,0.95
INV-H3-000761,0,,4257105,4257105,0.95
INV-H3-000762,0,,3759713,3759713,0.95
INV-H3-000763,0,,930293,930293,0.95
INV-H3-000764,0,,3031701,3031701,0.95
INV-H3-000765,0,,1784079,1784079,0.95
INV-H3-000766,0,,2357378,2357378,0.9
INV-H3-000767,0,,1823255,1823255,0.9
INV-H3-000768,0,,2840599,2840599,0.95
INV-H3-000769,0,,881425,881425,0.95
INV-H3-000770,0,,618253,618253,0.95
INV-H3-000771,0,,3494704,3494704,0.95
INV-H3-000772,0,,3024830,3024830,0.95
INV-H3-000773,0,,4715934,4715934,0.95
INV-H3-000774,0,,1183376,1183376,0.95
INV-H3-000775,0,,3676865,3676865,0.95
INV-H3-000776,0,,2524245,2524245,0.9
INV-H3-000777,0,,6149897,6149897,0.95
INV-H3-000778,0,,2455565,2455565,0.95
INV-H3-000779,0,,1751701,1751701,0.95
INV-H3-000780,0,,2384030,2384030,0.95
INV-H3-000781,1,contract_number_mismatch|wrong_unit_basis,2969025,2969025,0.95
INV-H3-000782,1,service_date_after_invoice_date,4628823,4628823,0.95
INV-H3-000783,0,,2018521,2018521,0.95
INV-H3-000784,0,,3651635,3651635,0.95
INV-H3-000785,0,,2366751,2366751,0.9
INV-H3-000786,0,,2554654,2554654,0.95
INV-H3-000787,1,service_date_after_invoice_date,4234549,4234549,0.95
INV-H3-000788,1,pricing_mismatch,3319912,3407112,0.82
INV-H3-000789,1,line_total_arithmetic|pricing_mismatch,1519625,1888897,0.97
INV-H3-000790,0,,2284197,2284197,0.95
INV-H3-000791,0,,3873519,3873519,0.9
INV-H3-000792,0,,873775,873775,0.95
INV-H3-000793,0,,2536612,2536612,0.95
INV-H3-000794,1,invoice_total_mismatch|wrong_unit_basis|pricing_mismatch,1003964,1424664,0.97
INV-H3-000795,0,,2317885,2317885,0.95
INV-H3-000796,0,,2636844,2636844,0.9
INV-H3-000797,0,,967300,967300,0.95
INV-H3-000798,0,,2932721,2932721,0.95
INV-H3-000799,0,,6406346,6406346,0.9
INV-H3-000800,0,,5046666,5046666,0.95
INV-H3-000801,0,,3379755,3379755,0.95
INV-H3-000802,0,,760223,760223,0.95
INV-H3-000803,0,,3222887,3222887,0.95
INV-H3-000804,0,,2767967,2767967,0.9
INV-H3-000805,0,,3710659,3710659,0.9
INV-H3-000806,0,,3278600,3278600,0.95
INV-H3-000807,0,,1858924,1858924,0.95
INV-H3-000808,0,,1261397,1261397,0.95
INV-H3-000809,0,,3215321,3215321,0.95
INV-H3-000810,0,,630689,630689,0.95
INV-H3-000811,0,,1836130,1836130,0.95
INV-H3-000812,0,,1244190,1244190,0.95
INV-H3-000813,0,,3923990,3923990,0.95
INV-H3-000814,0,,3200185,3200185,0.95
INV-H3-000815,0,,3254914,3254914,0.9
INV-H3-000816,1,invoice_total_mismatch,2623469,2623469,0.97
INV-H3-000817,1,pricing_mismatch,3404015,3315287,0.95
INV-H3-000818,0,,5275580,5275580,0.95
INV-H3-000819,0,,2291285,2291285,0.95
INV-H3-000820,0,,1426437,1426437,0.95
INV-H3-000821,0,,2767982,2767982,0.95
INV-H3-000822,0,,1850345,1850345,0.95
INV-H3-000823,0,,1198551,1198551,0.95
INV-H3-000824,0,,4118783,4118783,0.9
INV-H3-000825,0,,1304445,1304445,0.95
INV-H3-000826,0,,3377308,3377308,0.95
INV-H3-000827,0,,3548057,3548057,0.95
INV-H3-000828,0,,970340,970340,0.9
INV-H3-000829,0,,1971132,1971132,0.95
INV-H3-000830,0,,5252450,5252450,0.95
INV-H3-000831,0,,1894994,1894994,0.95
INV-H3-000832,0,,2325283,2325283,0.95
INV-H3-000833,0,,5333990,5333990,0.9
INV-H3-000834,1,service_date_out_of_window|pricing_mismatch,3340474,3370659,0.97
INV-H3-000835,0,,3258589,3258589,0.95
INV-H3-000836,0,,1929960,1929960,0.95
INV-H3-000837,1,malformed_service_date|wrong_unit_basis,932171,932171,0.97
INV-H3-000838,0,,1182311,1182311,0.95
INV-H3-000839,0,,3975071,3975071,0.95
INV-H3-000840,0,,2198182,2198182,0.9
INV-H3-000841,0,,2222152,2222152,0.95
INV-H3-000842,1,service_date_out_of_window|cross_invoice_duplicate|pricing_mismatch,2659011,2783025,0.95
INV-H3-000843,0,,1235319,1235319,0.95
INV-H3-000844,0,,3364487,3364487,0.95
INV-H3-000845,0,,2708497,2708497,0.95
INV-H3-000846,0,,4669641,4669641,0.95
INV-H3-000847,0,,2082753,2082753,0.9
INV-H3-000848,0,,4710941,4710941,0.95
INV-H3-000849,0,,2600044,2600044,0.95
INV-H3-000850,0,,5026295,5026295,0.95
INV-H3-000851,0,,3261972,3261972,0.95
INV-H3-000852,0,,2188525,2188525,0.95
INV-H3-000853,0,,750465,750465,0.95
INV-H3-000854,0,,1300618,1300618,0.95
INV-H3-000855,0,,598343,598343,0.9
INV-H3-000856,0,,4388325,4388325,0.95
INV-H3-000857,0,,4031755,4031755,0.9
INV-H3-000858,0,,4117434,4117434,0.95
INV-H3-000859,0,,929398,929398,0.95
INV-H3-000860,0,,1550156,1550156,0.95
INV-H3-000861,0,,2950086,2950086,0.95
INV-H3-000862,0,,4316227,4316227,0.9
INV-H3-000863,0,,657175,657175,0.95
INV-H3-000864,0,,4957347,4957347,0.9
INV-H3-000865,0,,2180620,2180620,0.95
INV-H3-000866,0,,2501760,2501760,0.95
INV-H3-000867,0,,3723227,3723227,0.95
INV-H3-000868,0,,3319399,3319399,0.95
INV-H3-000869,0,,1768443,1768443,0.9
INV-H3-000870,0,,2075936,2075936,0.9
INV-H3-000871,0,,3470455,3470455,0.95
INV-H3-000872,0,,5207506,5207506,0.95
INV-H3-000873,0,,4007328,4007328,0.95
INV-H3-000874,0,,3229314,3229314,0.95
INV-H3-000875,0,,3748325,3748325,0.95
INV-H3-000876,0,,3476986,3476986,0.95
INV-H3-000877,0,,3062855,3062855,0.95
INV-H3-000878,0,,3762504,3762504,0.95
INV-H3-000879,1,service_date_out_of_window|service_date_after_invoice_date,3718750,3718750,0.95
INV-H3-000880,0,,2894238,2894238,0.95
INV-H3-000881,0,,1632800,1632800,0.95
INV-H3-000882,0,,1770462,1770462,0.95
INV-H3-000883,0,,1765247,1765247,0.95
INV-H3-000884,0,,3148530,3148530,0.95
INV-H3-000885,0,,2107517,2107517,0.95
INV-H3-000886,0,,4669482,4669482,0.9
INV-H3-000887,0,,3561548,3561548,0.9
INV-H3-000888,0,,813251,813251,0.95
INV-H3-000889,0,,1053370,1053370,0.95
INV-H3-000890,0,,585236,585236,0.95
INV-H3-000891,0,,3024155,3024155,0.95
INV-H3-000892,0,,1009674,1009674,0.95
INV-H3-000893,0,,3387265,3387265,0.95
INV-H3-000894,0,,2610416,2610416,0.95
INV-H3-000895,0,,1329656,1329656,0.95
INV-H3-000896,0,,2155380,2155380,0.95
INV-H3-000897,0,,2833994,2833994,0.95
INV-H3-000898,0,,3808756,3808756,0.95
INV-H3-000899,0,,1543629,1543629,0.95
INV-H3-000900,0,,2769562,2769562,0.95
INV-H3-000901,0,,2043225,2043225,0.95
INV-H3-000902,0,,1562901,1562901,0.95
INV-H3-000903,0,,2067395,2067395,0.95
INV-H3-000904,0,,2428975,2428975,0.95
INV-H3-000905,0,,3125341,3125341,0.95
INV-H3-000906,0,,4013496,4013496,0.95
INV-H3-000907,0,,951492,951492,0.95
INV-H3-000908,0,,3555714,3555714,0.95
INV-H3-000909,0,,922816,922816,0.95
INV-H3-000910,0,,2491406,2491406,0.95
INV-H3-000911,0,,3501125,3501125,0.95
INV-H3-000912,0,,2291674,2291674,0.95
INV-H3-000913,0,,2594630,2594630,0.95
INV-H3-000914,0,,2567199,2567199,0.9
INV-H3-000915,0,,2276481,2276481,0.95
INV-H3-000916,0,,2426045,2426045,0.9
INV-H3-000917,0,,3381300,3381300,0.9
INV-H3-000918,0,,4167031,4167031,0.9
INV-H3-000919,0,,3767997,3767997,0.95
INV-H3-000920,0,,3225018,3225018,0.95
INV-H3-000921,0,,2818319,2818319,0.95
INV-H3-000922,0,,4305802,4305802,0.95
INV-H3-000923,0,,2013042,2013042,0.95
INV-H3-000924,0,,3415747,3415747,0.95
INV-H3-000925,1,wrong_unit_basis|pricing_mismatch,4324229,4378954,0.97
INV-H3-000926,0,,4230770,4230770,0.9
INV-H3-000927,0,,5884230,5884230,0.9
INV-H3-000928,0,,4661382,4661382,0.95
INV-H3-000929,0,,1543690,1543690,0.95
INV-H3-000930,0,,2183668,2183668,0.95
INV-H3-000931,0,,876385,876385,0.95
INV-H3-000932,0,,2288377,2288377,0.95
INV-H3-000933,0,,1504813,1504813,0.95
INV-H3-000934,1,service_date_after_invoice_date|wrong_unit_basis|pricing_mismatch,819030,887050,0.95
INV-H3-000935,1,malformed_service_date|cross_invoice_duplicate,4316041,4316041,0.95
INV-H3-000936,0,,3110365,3110365,0.9
INV-H3-000937,0,,2073634,2073634,0.95
INV-H3-000938,0,,3317874,3317874,0.95
INV-H3-000939,0,,1461575,1461575,0.95
